title,link,price,annotation,title_short
Комплект дисков XXR 527,https://baza.drom.ru/chita/wheel/disc/komplekt-diskov-xxr-527-62927868.html,21999,"9.0x17"", 5x100.00, 5x114.30, ET28, ЦО 73,1 мм.",XXR 527
New! Дип. Shogun A1,https://baza.drom.ru/chita/wheel/disc/new-dip-shogun-a1-65896887.html,21999,"8.5/9.5x17"", 5x114.30, ET22/18, ЦО 73,1 мм.",Дип. Shogun A1
New! Комплект Weds sport,https://baza.drom.ru/chita/wheel/disc/new-komplekt-weds-sport-55818185.html,26999,"8.5x18"", 5x114.30, ET35, ЦО 73,1 мм.",Weds sport
New! Shogun A1,https://baza.drom.ru/chita/wheel/disc/new-shogun-a1-62259464.html,27999,"9.5/10.5x18"", 5x114.30, ET20/15, ЦО 73,1 мм.",Shogun A1
Дип. Бронза. Shogun A1,https://baza.drom.ru/chita/wheel/disc/dip-bronza-shogun-a1-63246209.html,26999,"9.5x18"", 5x114.30, ET20, ЦО 73,1 мм.",Дип. Бронза. Shogun A1
NEW! Work Equip 03,https://baza.drom.ru/chita/wheel/disc/new-work-equip-03-64427956.html,18500,"7.5/8.5x16"", 4x100.00, ET18/15, ЦО 73,1 мм.",Work Equip 03
New! Дип XXR 527,https://baza.drom.ru/chita/wheel/disc/new-dip-xxr-527-65229514.html,15999,"8.25x15"", 4x100.00, 4x114.30, ET0, ЦО 73,1 мм.",Дип XXR 527
New! Дип. Shogun A1,https://baza.drom.ru/chita/wheel/disc/new-dip-shogun-a1-65897098.html,21999,"8.5x17"", 5x100.00, ET22, ЦО 73,1 мм.",Дип. Shogun A1
New! Rays CE28,https://baza.drom.ru/chita/wheel/disc/new-rays-ce28-65927466.html,26999,"9.5x18"", 5x100.00, 5x114.30, ET22, ЦО 73,1 мм.",Rays CE28
New! Prodrive GC-05F,https://baza.drom.ru/chita/wheel/disc/new-prodrive-gc-05f-66097566.html,21999,"9.0x17"", 5x114.30, ET30, ЦО 73,1 мм.",Prodrive GC-05F
Комплект дисков Rays te37,https://baza.drom.ru/chita/wheel/disc/komplekt-diskov-rays-te37-62907247.html,21999,"9.0x17"", 5x114.30, ET25, ЦО 73,1 мм.",Rays te37
New! Дип. Shogun A1,https://baza.drom.ru/chita/wheel/disc/new-dip-shogun-a1-65897051.html,21999,"9.5x17"", 5x100.00, ET18, ЦО 73,1 мм.",Дип. Shogun A1
New! Дип. Shogun A1,https://baza.drom.ru/chita/wheel/disc/new-dip-shogun-a1-65897235.html,21999,"8.5x17"", 5x100.00, ET22, ЦО 73,1 мм.",Дип. Shogun A1
New! Shogun A1,https://baza.drom.ru/chita/wheel/disc/new-shogun-a1-65905907.html,21999,"8.5x17"", 5x114.30, ET20, ЦО 73,1 мм.",Shogun A1
New! Дип. Shogun A1 (Hiper black),https://baza.drom.ru/chita/wheel/disc/new-dip-shogun-a1-hiper-black-65906671.html,21999,"8.5/9.5x17"", 5x114.30, ET22/18, ЦО 73,1 мм.",Дип. Shogun A1 (Hiper black)
New! Дип. Shogun A1 (Hiper black),https://baza.drom.ru/chita/wheel/disc/new-dip-shogun-a1-hiper-black-65906779.html,21999,"9.5x17"", 5x114.30, ET18, ЦО 73,1 мм.",Дип. Shogun A1 (Hiper black)
New! Дип XXR 527,https://baza.drom.ru/chita/wheel/disc/new-dip-xxr-527-65927200.html,15999,"8.25x15"", 4x100.00, 4x114.30, ET0, ЦО 73,1 мм.",Дип XXR 527
NEW! Комплект дисков Weds,https://baza.drom.ru/chita/wheel/disc/new-komplekt-diskov-weds-66229493.html,21999,"8.0x17"", 5x114.30, ET35, ЦО 73,1 мм.",Weds
New! Комплект дисков Vossen,https://baza.drom.ru/chita/wheel/disc/new-komplekt-diskov-vossen-49604686.html,21999,"7.5x17"", 5x114.30, ET40, ЦО 73,1 мм.",Vossen
Комплект дисков Vossen CV3,https://baza.drom.ru/chita/wheel/disc/komplekt-diskov-vossen-cv3-49729351.html,26999,"8.5x18"", 5x114.30, ET33, ЦО 73,1 мм.",Vossen CV3
Комплект дисков Rays te37,https://baza.drom.ru/chita/wheel/disc/komplekt-diskov-rays-te37-54210404.html,21999,"9.0x17"", 5x100.00, ET30, ЦО 73,1 мм.",Rays te37
Комплект дисков Rays te37,https://baza.drom.ru/chita/wheel/disc/komplekt-diskov-rays-te37-62907208.html,21999,"9.0x17"", 5x100.00, ET25, ЦО 73,1 мм.",Rays te37
Комплект дисков XXR 527,https://baza.drom.ru/chita/wheel/disc/komplekt-diskov-xxr-527-64213882.html,25999,"9.5x18"", 5x112.00, 5x114.30, ET30, ЦО 73,1 мм.",XXR 527
New! Комплект дисков XXR 527,https://baza.drom.ru/chita/wheel/disc/new-komplekt-diskov-xxr-527-65897148.html,26999,"8.5/9.5x18"", 5x100.00, 5x114.30, ET35/30, ЦО 73,1 мм.",XXR 527
New! Shogun A1,https://baza.drom.ru/chita/wheel/disc/new-shogun-a1-65904856.html,21999,"8.5x17"", 5x114.30, ET20, ЦО 73,1 мм.",Shogun A1
New! Shogun A1,https://baza.drom.ru/chita/wheel/disc/new-shogun-a1-65905532.html,21999,"8.5/9.5x17"", 5x114.30, ET20/12, ЦО 73,1 мм.",Shogun A1
New! Rays CE28,https://baza.drom.ru/chita/wheel/disc/new-rays-ce28-65927594.html,26999,"9.5/10.5x18"", 5x100.00, 5x114.30, ET22/35, ЦО 73,1 мм.",Rays CE28
New! Rays CE28,https://baza.drom.ru/chita/wheel/disc/new-rays-ce28-65927605.html,26999,"10.5x18"", 5x100.00, 5x114.30, ET35, ЦО 73,1 мм.",Rays CE28
Комплект дисков Weds,https://baza.drom.ru/chita/wheel/disc/komplekt-diskov-weds-47149014.html,25999,"9.5/10.5x18"", 5x114.30, ET20/25, ЦО 73,1 мм.",Weds
Комплект дисков Work,https://baza.drom.ru/chita/wheel/disc/komplekt-diskov-work-53210660.html,24999,"8.5/9.5x18"", 5x100.00, 5x114.30, ET30/20, ЦО 73,1 мм.",Work
Комплект дисков Vossen CV3,https://baza.drom.ru/chita/wheel/disc/komplekt-diskov-vossen-cv3-53910057.html,26999,"8.0x18"", 5x114.30, ET40, ЦО 73,1 мм.",Vossen CV3
Комплект дисков Work Emotion T7R,https://baza.drom.ru/chita/wheel/disc/komplekt-diskov-work-emotion-t7r-54018512.html,17999,"7.0x16"", 4x98.00, 4x100.00, ET35, ЦО 73,1 мм.",Work Emotion T7R
Комплект дисков Prodrive,https://baza.drom.ru/chita/wheel/disc/komplekt-diskov-prodrive-55388391.html,21999,"9.0x17"", 5x100.00, ET30, ЦО 73,1 мм.",Prodrive
New! Work Emotion Cr-Kiwami,https://baza.drom.ru/chita/wheel/disc/new-work-emotion-cr-kiwami-56175870.html,21999,"8.0x17"", 5x100.00, 5x114.30, ET35, ЦО 73,1 мм.",Work Emotion Cr-Kiwami
Комплект дисков Work Cr-Kai,https://baza.drom.ru/chita/wheel/disc/komplekt-diskov-work-cr-kai-56242459.html,32999,"8.5x19"", 5x114.30, ET35, ЦО 73,1 мм.",Work Cr-Kai
Комплект дисков Vossen CV3,https://baza.drom.ru/chita/wheel/disc/komplekt-diskov-vossen-cv3-61430471.html,17500,"7.0x16"", 5x114.30, ET40, ЦО 73,1 мм.",Vossen CV3
New! Дип. Shogun A1,https://baza.drom.ru/chita/wheel/disc/new-dip-shogun-a1-65896974.html,21999,"9.5x17"", 5x114.30, ET18, ЦО 73,1 мм.",Дип. Shogun A1
New! Rays te37,https://baza.drom.ru/chita/wheel/disc/new-rays-te37-65927734.html,17999,"7.0x16"", 4x98.00, 4x100.00, ET31, ЦО 73,1 мм.",Rays te37
Комплект дисков Rays te37 SL,https://baza.drom.ru/chita/wheel/disc/komplekt-diskov-rays-te37-sl-51647881.html,17500,"7.0x16"", 4x100.00, 4x114.30, ET40, ЦО 73,1 мм.",Rays te37 SL
Комплект дисков Toyota TLC200,https://baza.drom.ru/chita/wheel/disc/komplekt-diskov-toyota-tlc200-51712022.html,30999,"8.5x20"", 5x150.00, ET60, ЦО 110,0 мм.",Toyota TLC200
New! Work Emotion Cr-Kiwami,https://baza.drom.ru/chita/wheel/disc/new-work-emotion-cr-kiwami-53040035.html,21999,"8.0x17"", 5x100.00, 5x114.30, ET35, ЦО 73,1 мм.",Work Emotion Cr-Kiwami
New! Work Emotion Cr-Kiwami,https://baza.drom.ru/chita/wheel/disc/new-work-emotion-cr-kiwami-53040511.html,21999,"9.0x17"", 5x100.00, 5x114.30, ET28, ЦО 73,1 мм.",Work Emotion Cr-Kiwami
Комплект дисков Work Emotion T7R,https://baza.drom.ru/chita/wheel/disc/komplekt-diskov-work-emotion-t7r-54018532.html,17999,"7.0x16"", 4x98.00, 4x100.00, ET35, ЦО 73,1 мм.",Work Emotion T7R
New! Work Emotion Cr-Kiwami,https://baza.drom.ru/chita/wheel/disc/new-work-emotion-cr-kiwami-54019773.html,26999,"9.5x18"", 5x100.00, 5x114.30, ET30, ЦО 73,1 мм.",Work Emotion Cr-Kiwami
New! Shogun A1.,https://baza.drom.ru/chita/wheel/disc/new-shogun-a1-54870245.html,26999,"9.5x18"", 5x114.30, ET20, ЦО 73,1 мм.",Shogun A1.
Комплект дисков Weds,https://baza.drom.ru/chita/wheel/disc/komplekt-diskov-weds-59798165.html,26999,"9.5x18"", 5x114.30, ET20, ЦО 73,1 мм.",Weds
Комплект дисков Weld,https://baza.drom.ru/chita/wheel/disc/komplekt-diskov-weld-61486048.html,25999,"9.5x18"", 5x114.30, ET25, ЦО 73,1 мм.",Weld
Комплект дисков Rays te37,https://baza.drom.ru/chita/wheel/disc/komplekt-diskov-rays-te37-53068333.html,21999,"9.0x17"", 5x100.00, ET30, ЦО 73,1 мм.",Rays te37
Комплект дисков Rays te37,https://baza.drom.ru/chita/wheel/disc/komplekt-diskov-rays-te37-53108353.html,21999,"9.0x17"", 5x114.30, ET30, ЦО 73,1 мм.",Rays te37
New! Комплект дисков Vossen CV5,https://baza.drom.ru/chita/wheel/disc/new-komplekt-diskov-vossen-cv5-57399689.html,20999,"8.0x17"", 5x100.00, ET35, ЦО 73,1 мм.",Vossen CV5
Комплект дисков,https://baza.drom.ru/chita/wheel/disc/komplekt-diskov-62305498.html,26999,"9.0x18"", 5x114.30, ET35, ЦО 73,1 мм.",
New! Комплект дисков Rays,https://baza.drom.ru/chita/wheel/disc/new-komplekt-diskov-rays-62938655.html,17500,"7.0x16"", 4x100.00, ET35, ЦО 73,1 мм.",Rays
Weds (2шт),https://baza.drom.ru/chita/wheel/disc/weds-2sht-64263242.html,9999,"9.0x17"", 5x114.30, ET25, ЦО 73,1 мм.",Weds (2шт)
Комплект дисков Vossen VFS2,https://baza.drom.ru/chita/wheel/disc/komplekt-diskov-vossen-vfs2-65245199.html,31999,"8.5x19"", 5x112.00, ET32, ЦО 66,5 мм.",Vossen VFS2
New! Дип. Shogun A1,https://baza.drom.ru/chita/wheel/disc/new-dip-shogun-a1-65606940.html,21999,"9.5x17"", 5x114.30, ET18, ЦО 73,1 мм.",Дип. Shogun A1
Дип. Shogun A1,https://baza.drom.ru/chita/wheel/disc/dip-shogun-a1-65677230.html,26999,"9.5/10.5x18"", 5x114.30, ET20/15, ЦО 73,1 мм.",Дип. Shogun A1
Комплект дисков Rays te37,https://baza.drom.ru/chita/wheel/disc/komplekt-diskov-rays-te37-59251090.html,21999,"9.0x17"", 5x114.30, ET25, ЦО 73,1 мм.",Rays te37
NEW! Rays te37,https://baza.drom.ru/chita/wheel/disc/new-rays-te37-61834394.html,28999,"8.5x18"", 6x139.70, ET20, ЦО 110,0 мм.",Rays te37
NEW! Комплект дисков Work T7R,https://baza.drom.ru/chita/wheel/disc/new-komplekt-diskov-work-t7r-62675099.html,27999,"8.5x18"", 5x114.30, ET33, ЦО 73,1 мм.",Work T7R
New! Комплект Work T7R,https://baza.drom.ru/chita/wheel/disc/new-komplekt-work-t7r-63199642.html,26999,"8.5/9.5x18"", 5x114.30, ET33/25, ЦО 73,1 мм.",Work T7R
Дип. Shogun A1,https://baza.drom.ru/chita/wheel/disc/dip-shogun-a1-63287776.html,26999,"10.5x18"", 5x114.30, ET15, ЦО 73,1 мм.",Дип. Shogun A1
Комплект дисков XXR 527,https://baza.drom.ru/chita/wheel/disc/komplekt-diskov-xxr-527-64840544.html,26999,"9.5x18"", 5x112.00, 5x114.30, ET30, ЦО 73,1 мм.",XXR 527
Комплект дисков Vossen VFS2,https://baza.drom.ru/chita/wheel/disc/komplekt-diskov-vossen-vfs2-65245189.html,27999,"8.0x18"", 5x112.00, ET35, ЦО 66,5 мм.",Vossen VFS2
Комплект дисков XXR 527,https://baza.drom.ru/chita/wheel/disc/komplekt-diskov-xxr-527-65460475.html,26999,"8.5x18"", 5x100.00, 5x114.30, ET35, ЦО 73,1 мм.",XXR 527
New! Дип. Shogun A1,https://baza.drom.ru/chita/wheel/disc/new-dip-shogun-a1-65606974.html,21999,"8.5x17"", 5x114.30, ET22, ЦО 73,1 мм.",Дип. Shogun A1
Комплект дисков Vossen CV3,https://baza.drom.ru/chita/wheel/disc/komplekt-diskov-vossen-cv3-65678270.html,21999,"8.0x17"", 5x114.30, ET30, ЦО 73,1 мм.",Vossen CV3
Комплект дисков Vossen CV3,https://baza.drom.ru/chita/wheel/disc/komplekt-diskov-vossen-cv3-63364679.html,17999,"7.0x16"", 5x100.00, ET40, ЦО 73,1 мм.",Vossen CV3
Комплект дисков Vossen VFS2,https://baza.drom.ru/chita/wheel/disc/komplekt-diskov-vossen-vfs2-65245224.html,31999,"8.5/9.5x19"", 5x112.00, ET32/33, ЦО 66,5 мм.",Vossen VFS2
Комплект дисков Rays te37,https://baza.drom.ru/chita/wheel/disc/komplekt-diskov-rays-te37-56318119.html,16999,"7.0x16"", 4x98.00, 4x100.00, ET30, ЦО 73,1 мм.",Rays te37
New! XXR 527,https://baza.drom.ru/chita/wheel/disc/new-xxr-527-56328176.html,17999,"7.0x16"", 4x98.00, 4x100.00, ET30, ЦО 73,1 мм.",XXR 527
New! Prodrive GC-05F,https://baza.drom.ru/chita/wheel/disc/new-prodrive-gc-05f-60269562.html,21999,"8.0/9.0x17"", 5x114.30, ET35/30, ЦО 73,1 мм.",Prodrive GC-05F
New! Prodrive GC-05F,https://baza.drom.ru/chita/wheel/disc/new-prodrive-gc-05f-60271320.html,21999,"8.0/9.0x17"", 5x114.30, ET35/30, ЦО 73,1 мм.",Prodrive GC-05F
NEW! Комплект Weds,https://baza.drom.ru/chita/wheel/disc/new-komplekt-weds-62333550.html,21999,"8.0x17"", 5x100.00, ET35, ЦО 73,1 мм.",Weds
Дип. Shogun A1,https://baza.drom.ru/chita/wheel/disc/dip-shogun-a1-65077912.html,26999,"8.5x18"", 5x114.30, ET35, ЦО 73,1 мм.",Дип. Shogun A1
New! Prodrive GC-05F,https://baza.drom.ru/chita/wheel/disc/new-prodrive-gc-05f-55388581.html,21999,"8.0x17"", 5x114.30, ET35, ЦО 73,1 мм.",Prodrive GC-05F
Комплект дисков Rays te37,https://baza.drom.ru/chita/wheel/disc/komplekt-diskov-rays-te37-56318071.html,17999,"7.0x16"", 4x98.00, 4x100.00, ET30, ЦО 73,1 мм.",Rays te37
Комплект дисков Weds,https://baza.drom.ru/chita/wheel/disc/komplekt-diskov-weds-57632900.html,21999,"9.0x17"", 5x100.00, ET30, ЦО 73,1 мм.",Weds
Комплект дисков Weds,https://baza.drom.ru/chita/wheel/disc/komplekt-diskov-weds-61771132.html,21999,"8.0x17"", 5x114.30, ET35, ЦО 73,1 мм.",Weds
Комплект дисков,https://baza.drom.ru/chita/wheel/disc/komplekt-diskov-62305562.html,32999,"9.5x19"", 5x114.30, ET35, ЦО 73,1 мм.",
New! Комплект Vossen CV3,https://baza.drom.ru/chita/wheel/disc/new-komplekt-vossen-cv3-62819232.html,21999,"8.0x17"", 5x114.30, ET30, ЦО 73,1 мм.",Vossen CV3
New! Комплект Rota Rays te37,https://baza.drom.ru/chita/wheel/disc/new-komplekt-rota-rays-te37-62907255.html,21999,"8.0x17"", 5x114.30, ET30, ЦО 73,1 мм.",Rota Rays te37
Дип. Бронза. Shogun A1,https://baza.drom.ru/chita/wheel/disc/dip-bronza-shogun-a1-63246225.html,26999,"10.5x18"", 5x114.30, ET15, ЦО 73,1 мм.",Дип. Бронза. Shogun A1
Комплект дисков Разноширокие BMW,https://baza.drom.ru/chita/wheel/disc/komplekt-diskov-raznoshirokie-bmw-64826271.html,31999,"8.5/9.5x19"", 5x120.00, ET28/30, ЦО 72,6 мм.",Разноширокие BMW
Комплект дисков Vossen CV3,https://baza.drom.ru/chita/wheel/disc/komplekt-diskov-vossen-cv3-50239291.html,21999,"8.0x17"", 5x100.00, ET30, ЦО 73,1 мм.",Vossen CV3
Комплект дисков Rays CE28,https://baza.drom.ru/chita/wheel/disc/komplekt-diskov-rays-ce28-53068322.html,21999,"9.0x17"", 5x100.00, 5x114.30, ET30, ЦО 73,1 мм.",Rays CE28
"NEW! Новые =Toyota-LC-Prado-150= R18 6x139,7 *NEW Рестайлинг*",https://baza.drom.ru/chita/wheel/disc/new-novye-toyota-lc-prado-150-r18-6x139-7-new-restajling-53409988.html,26999,"7.5x18"", 6x139.70, ET30, ЦО 106,1 мм.","Новые =Toyota-LC-Prado-150= R18 6x139,7 * Рестайлинг*"
Комплект дисков XXR 527,https://baza.drom.ru/chita/wheel/disc/komplekt-diskov-xxr-527-55276642.html,21999,"9.0x17"", 4x100.00, 4x114.30, ET30, ЦО 73,1 мм.",XXR 527
Комплект дисков Weds,https://baza.drom.ru/chita/wheel/disc/komplekt-diskov-weds-55829327.html,21999,"9.0x17"", 5x100.00, ET25, ЦО 73,1 мм.",Weds
Комплект дисков Work Emotion CR2P,https://baza.drom.ru/chita/wheel/disc/komplekt-diskov-work-emotion-cr2p-55865157.html,25999,"8.5x18"", 5x114.30, ET30, ЦО 73,1 мм.",Work Emotion CR2P
Комплект дисков XXR 527,https://baza.drom.ru/chita/wheel/disc/komplekt-diskov-xxr-527-56328117.html,18999,"7.0x16"", 4x98.00, 4x100.00, ET30, ЦО 73,1 мм.",XXR 527
Комплект дисков Vossen CVT,https://baza.drom.ru/chita/wheel/disc/komplekt-diskov-vossen-cvt-62491480.html,21999,"7.5x17"", 4x100.00, 4x114.30, ET40, ЦО 73,1 мм.",Vossen CVT
Дип. Shogun A1,https://baza.drom.ru/chita/wheel/disc/dip-shogun-a1-63338468.html,26999,"10.5x18"", 5x114.30, ET15, ЦО 73,1 мм.",Дип. Shogun A1
Комплект дисков,https://baza.drom.ru/chita/wheel/disc/komplekt-diskov-59311365.html,20999,"7.5x17"", 4x100.00, ET40, ЦО 73,1 мм.",
Комплект дисков Rays te37,https://baza.drom.ru/chita/wheel/disc/komplekt-diskov-rays-te37-61601082.html,21999,"8.0x17"", 5x114.30, ET30, ЦО 73,1 мм.",Rays te37
Комплект дисков Vossen VFS2,https://baza.drom.ru/chita/wheel/disc/komplekt-diskov-vossen-vfs2-62486182.html,32999,"8.5x19"", 5x114.30, ET35, ЦО 73,1 мм.",Vossen VFS2
Комплект дисков Work Emotion CR2P,https://baza.drom.ru/chita/wheel/disc/komplekt-diskov-work-emotion-cr2p-62602089.html,26999,"8.5x18"", 5x100.00, 5x114.30, ET28, ЦО 73,1 мм.",Work Emotion CR2P
New! Work T7R,https://baza.drom.ru/chita/wheel/disc/new-work-t7r-62675250.html,26999,"9.5x18"", 5x114.30, ET25, ЦО 73,1 мм.",Work T7R
Комплект дисков XXR 527,https://baza.drom.ru/chita/wheel/disc/komplekt-diskov-xxr-527-62906936.html,26999,"8.5/9.5x18"", 5x100.00, 5x114.30, ET35/30, ЦО 73,1 мм.",XXR 527
Комплект дисков Weds,https://baza.drom.ru/chita/wheel/disc/komplekt-diskov-weds-62907449.html,21999,"8.0/9.0x17"", 5x100.00, ET35/30, ЦО 73,1 мм.",Weds
Комплект дисков Work Emotion CR2P,https://baza.drom.ru/chita/wheel/disc/komplekt-diskov-work-emotion-cr2p-63199095.html,25999,"8.5x18"", 5x114.30, ET30, ЦО 73,1 мм.",Work Emotion CR2P
Комплект дисков Lexus,https://baza.drom.ru/chita/wheel/disc/komplekt-diskov-lexus-64214167.html,27999,"8.0x18"", 5x114.30, ET35, ЦО 60,1 мм.",Lexus
Комплект дисков Work Emotion T7R,https://baza.drom.ru/chita/wheel/disc/komplekt-diskov-work-emotion-t7r-64261170.html,17999,"7.0x16"", 4x98.00, 4x100.00, ET35, ЦО 73,1 мм.",Work Emotion T7R
New! Work Emotion Cr-Kiwami,https://baza.drom.ru/chita/wheel/disc/new-work-emotion-cr-kiwami-64356873.html,17999,"7.0x16"", 4x98.00, 4x100.00, ET30, ЦО 73,1 мм.",Work Emotion Cr-Kiwami
New! Work Emotion Cr-Kiwami,https://baza.drom.ru/chita/wheel/disc/new-work-emotion-cr-kiwami-64851116.html,21999,"8.0x17"", 5x114.30, ET35, ЦО 73,1 мм.",Work Emotion Cr-Kiwami
Комплект дисков XXR 527,https://baza.drom.ru/chita/wheel/disc/komplekt-diskov-xxr-527-65459489.html,26999,"9.5/10.5x18"", 5x100.00, 5x114.30, ET30/18, ЦО 73,1 мм.",XXR 527
Комплект дисков Weds,https://baza.drom.ru/chita/wheel/disc/komplekt-diskov-weds-62907340.html,21999,"8.0/9.0x17"", 5x114.30, ET35/30, ЦО 73,1 мм.",Weds
Комплект дисков XXR 527,https://baza.drom.ru/chita/wheel/disc/komplekt-diskov-xxr-527-63243783.html,25999,"9.5x18"", 5x100.00, 5x114.30, ET30, ЦО 73,1 мм.",XXR 527
New! Комплект дисков BBS,https://baza.drom.ru/chita/wheel/disc/new-komplekt-diskov-bbs-63503510.html,21999,"8.0x17"", 4x100.00, 4x114.30, ET20, ЦО 73,1 мм.",BBS
Комплект дисков Lexus,https://baza.drom.ru/chita/wheel/disc/komplekt-diskov-lexus-64262807.html,22999,"7.0x17"", 5x114.30, ET35, ЦО 60,1 мм.",Lexus
New! Work Emotion Cr-Kiwami,https://baza.drom.ru/chita/wheel/disc/new-work-emotion-cr-kiwami-64841235.html,26999,"8.5x18"", 5x112.00, ET38, ЦО 73,1 мм.",Work Emotion Cr-Kiwami
NEW ! Новые Vossen VPS 305 inforged,https://baza.drom.ru/chita/wheel/disc/new-novye-vossen-vps-305-inforged-64842176.html,21999,"7.5x17"", 4x100.00, 4x114.30, ET40, ЦО 73,1 мм.",Новые Vossen VPS 305 inforged
Дип. Shogun A1,https://baza.drom.ru/chita/wheel/disc/dip-shogun-a1-64867336.html,21999,"8.0x17"", 5x100.00, ET35, ЦО 73,1 мм.",Дип. Shogun A1
Дип. Shogun A1,https://baza.drom.ru/chita/wheel/disc/dip-shogun-a1-64874356.html,21999,"9.5x17"", 5x114.30, ET15, ЦО 73,1 мм.",Дип. Shogun A1
New! Work Emotion Cr-Kiwami,https://baza.drom.ru/chita/wheel/disc/new-work-emotion-cr-kiwami-64914436.html,26999,"9.5x18"", 5x100.00, 5x114.30, ET30, ЦО 73,1 мм.",Work Emotion Cr-Kiwami
Дип. Shogun A1,https://baza.drom.ru/chita/wheel/disc/dip-shogun-a1-65677250.html,26999,"9.5x18"", 5x114.30, ET20, ЦО 73,1 мм.",Дип. Shogun A1
New! Комплект дисков BBS,https://baza.drom.ru/chita/wheel/disc/new-komplekt-diskov-bbs-63503470.html,17999,"7.5x16"", 5x100.00, 5x114.30, ET18, ЦО 73,1 мм.",BBS
Комплект дисков Work Emotion CR2P,https://baza.drom.ru/chita/wheel/disc/komplekt-diskov-work-emotion-cr2p-64213345.html,21999,"7.5x17"", 5x114.30, ET30, ЦО 73,1 мм.",Work Emotion CR2P
Комплект дисков Toyota TLC200,https://baza.drom.ru/chita/wheel/disc/komplekt-diskov-toyota-tlc200-64261353.html,29999,"8.5x20"", 5x150.00, ET60, ЦО 110,0 мм.",Toyota TLC200
Комплект дисков Work Emotion CR2P,https://baza.drom.ru/chita/wheel/disc/komplekt-diskov-work-emotion-cr2p-61487329.html,26999,"8.5/9.5x18"", 5x100.00, 5x114.30, ET28/22, ЦО 73,1 мм.",Work Emotion CR2P
Комплект дисков Vossen VFS2,https://baza.drom.ru/chita/wheel/disc/komplekt-diskov-vossen-vfs2-62492927.html,27999,"8.0/9.0x18"", 5x114.30, ET40/38, ЦО 73,1 мм.",Vossen VFS2
Комплект дисков Vossen CV4,https://baza.drom.ru/chita/wheel/disc/komplekt-diskov-vossen-cv4-51578853.html,25999,"8.5x18"", 5x114.30, ET31, ЦО 73,1 мм.",Vossen CV4
Комплект дисков Vossen VFS2,https://baza.drom.ru/chita/wheel/disc/komplekt-diskov-vossen-vfs2-53315522.html,27999,"8.0/9.0x18"", 5x112.00, ET35/33, ЦО 66,5 мм.",Vossen VFS2
New! Work Emotion Cr-Kiwami,https://baza.drom.ru/chita/wheel/disc/new-work-emotion-cr-kiwami-56604579.html,25999,"9.5x18"", 5x100.00, 5x114.30, ET28, ЦО 73,1 мм.",Work Emotion Cr-Kiwami
Комплект дисков BBS,https://baza.drom.ru/chita/wheel/disc/komplekt-diskov-bbs-59503579.html,16999,"7.5x16"", 4x100.00, 4x114.30, ET18, ЦО 73,1 мм.",BBS
Комплект дисков Rays te37,https://baza.drom.ru/chita/wheel/disc/komplekt-diskov-rays-te37-60795504.html,21999,"9.0x17"", 5x100.00, ET25, ЦО 73,1 мм.",Rays te37
New! Комплект дисков Rays te37,https://baza.drom.ru/chita/wheel/disc/new-komplekt-diskov-rays-te37-61605539.html,26999,"9.0/10.0x18"", 5x114.30, ET30/27, ЦО 73,1 мм.",Rays te37
Дип. Белые. Shogun A1,https://baza.drom.ru/chita/wheel/disc/dip-belye-shogun-a1-62280101.html,26999,"10.5x18"", 5x114.30, ET15, ЦО 73,1 мм.",Дип. Белые. Shogun A1
New! Комплект дисков Rays te37,https://baza.drom.ru/chita/wheel/disc/new-komplekt-diskov-rays-te37-62820433.html,26999,"8.5x18"", 5x114.30, ET35, ЦО 73,1 мм.",Rays te37
Комплект дисков XXR 527,https://baza.drom.ru/chita/wheel/disc/komplekt-diskov-xxr-527-62938464.html,21999,"9.0x17"", 5x100.00, 5x114.30, ET28, ЦО 73,1 мм.",XXR 527
Комплект дисков Work,https://baza.drom.ru/chita/wheel/disc/komplekt-diskov-work-53210778.html,24999,"9.5x18"", 5x100.00, 5x114.30, ET20, ЦО 73,1 мм.",Work
Комплект дисков 3SDM,https://baza.drom.ru/chita/wheel/disc/komplekt-diskov-3sdm-54322971.html,20999,"8.0x17"", 5x100.00, ET35, ЦО 73,1 мм.",3SDM
New! Shogun A1,https://baza.drom.ru/chita/wheel/disc/new-shogun-a1-54870144.html,21999,"8.5x17"", 5x114.30, ET20, ЦО 73,1 мм.",Shogun A1
Комплект дисков Weds,https://baza.drom.ru/chita/wheel/disc/komplekt-diskov-weds-60795578.html,21999,"8.0x17"", 5x114.30, ET35, ЦО 73,1 мм.",Weds
Комплект дисков Weds,https://baza.drom.ru/chita/wheel/disc/komplekt-diskov-weds-60838105.html,21999,"9.0x17"", 5x114.30, ET30, ЦО 73,1 мм.",Weds
NEW ! Новые WALD Renovatio R11C,https://baza.drom.ru/chita/wheel/disc/new-novye-wald-renovatio-r11c-61515646.html,37999,"8.5x20"", 5x150.00, ET40, ЦО 110,1 мм.",Новые WALD Renovatio R11C
New! Комплект Vossen CV5,https://baza.drom.ru/chita/wheel/disc/new-komplekt-vossen-cv5-63215324.html,21999,"7.5x17"", 4x100.00, 4x114.30, ET40, ЦО 73,1 мм.",Vossen CV5
Комплект дисков XXR 527,https://baza.drom.ru/chita/wheel/disc/komplekt-diskov-xxr-527-63216134.html,21999,"9.0x17"", 4x100.00, 4x114.30, ET28, ЦО 73,1 мм.",XXR 527
New! Work Emotion Cr-Kiwami,https://baza.drom.ru/chita/wheel/disc/new-work-emotion-cr-kiwami-64914650.html,26999,"8.5/9.5x18"", 5x100.00, 5x114.30, ET35/30, ЦО 73,1 мм.",Work Emotion Cr-Kiwami
New! Prodrive GC-05F,https://baza.drom.ru/chita/wheel/disc/new-prodrive-gc-05f-59158905.html,20999,"8.0x17"", 5x114.30, ET37, ЦО 67,1 мм.",Prodrive GC-05F
New! Prodrive GC-05F,https://baza.drom.ru/chita/wheel/disc/new-prodrive-gc-05f-60271289.html,21999,"9.0x17"", 5x114.30, ET30, ЦО 73,1 мм.",Prodrive GC-05F
Комплект дисков BBS,https://baza.drom.ru/chita/wheel/disc/komplekt-diskov-bbs-61486717.html,22999,"8.0x17"", 4x100.00, 4x114.30, ET20, ЦО 73,1 мм.",BBS
New! Vossen CV4,https://baza.drom.ru/chita/wheel/disc/new-vossen-cv4-61916481.html,21999,"8.0x17"", 5x114.30, ET31, ЦО 73,1 мм.",Vossen CV4
Комплект дисков Vossen CV3,https://baza.drom.ru/chita/wheel/disc/komplekt-diskov-vossen-cv3-62127069.html,24999,"8.0x18"", 5x120.00, ET35, ЦО 72,6 мм.",Vossen CV3
NEW! Комплект Weds,https://baza.drom.ru/chita/wheel/disc/new-komplekt-weds-62333625.html,21999,"8.0x17"", 5x100.00, ET35, ЦО 73,1 мм.",Weds
Комплект дисков Vossen CV5,https://baza.drom.ru/chita/wheel/disc/komplekt-diskov-vossen-cv5-62819567.html,21999,"7.5x17"", 5x114.30, ET40, ЦО 73,1 мм.",Vossen CV5
Комплект дисков Rays TE37V,https://baza.drom.ru/chita/wheel/disc/komplekt-diskov-rays-te37v-63071643.html,25999,"8.5/9.5x18"", 5x114.30, ET40/35, ЦО 73,1 мм.",Rays TE37V
New! Комплект Work T7R,https://baza.drom.ru/chita/wheel/disc/new-komplekt-work-t7r-63199781.html,27999,"9.5x18"", 5x114.30, ET25, ЦО 73,1 мм.",Work T7R
Комплект дисков Rays te37,https://baza.drom.ru/chita/wheel/disc/komplekt-diskov-rays-te37-64211184.html,15999,"8.0x15"", 4x100.00, ET10, ЦО 73,1 мм.",Rays te37
NEW! Комплект дисков Weds,https://baza.drom.ru/chita/wheel/disc/new-komplekt-diskov-weds-62333710.html,21999,"8.0x17"", 5x100.00, ET35, ЦО 73,1 мм.",Weds
New! Комплект Work T7R,https://baza.drom.ru/chita/wheel/disc/new-komplekt-work-t7r-63199800.html,26999,"8.5x18"", 5x114.30, ET33, ЦО 73,1 мм.",Work T7R
Комплект дисков Rays te37,https://baza.drom.ru/chita/wheel/disc/komplekt-diskov-rays-te37-64202102.html,15999,"8.0x15"", 4x100.00, ET10, ЦО 73,1 мм.",Rays te37
New! Work Emotion Cr-Kiwami,https://baza.drom.ru/chita/wheel/disc/new-work-emotion-cr-kiwami-64851136.html,21999,"8.0x17"", 5x100.00, ET35, ЦО 73,1 мм.",Work Emotion Cr-Kiwami
Комплект дисков 3SDM,https://baza.drom.ru/chita/wheel/disc/komplekt-diskov-3sdm-64914039.html,20999,"9.0x17"", 5x100.00, ET30, ЦО 57,1 мм.",3SDM
New! Комплект дисков Work Emotion CR2P,https://baza.drom.ru/chita/wheel/disc/new-komplekt-diskov-work-emotion-cr2p-64914488.html,25999,"8.5x18"", 5x100.00, 5x114.30, ET28, ЦО 73,1 мм.",Work Emotion CR2P
New! Комплект дисков XXR 527,https://baza.drom.ru/chita/wheel/disc/new-komplekt-diskov-xxr-527-64914553.html,26999,"8.5x18"", 5x100.00, 5x114.30, ET35, ЦО 73,1 мм.",XXR 527
Комплект дисков XXR 527,https://baza.drom.ru/chita/wheel/disc/komplekt-diskov-xxr-527-65229738.html,15999,"8.25x15"", 4x100.00, 4x114.30, ET0, ЦО 73,1 мм.",XXR 527
New! Work Emotion Cr-Kiwami,https://baza.drom.ru/chita/wheel/disc/new-work-emotion-cr-kiwami-62259851.html,26999,"8.5x18"", 5x100.00, 5x114.30, ET35, ЦО 73,1 мм.",Work Emotion Cr-Kiwami
Комплект дисков Vossen VFS1 inforged,https://baza.drom.ru/chita/wheel/disc/komplekt-diskov-vossen-vfs1-inforged-62458885.html,21999,"7.5x17"", 5x100.00, ET40, ЦО 73,1 мм.",Vossen VFS1 inforged
Комплект дисков Work Emotion CR2P,https://baza.drom.ru/chita/wheel/disc/komplekt-diskov-work-emotion-cr2p-62602095.html,26999,"9.5x18"", 5x100.00, 5x114.30, ET22, ЦО 73,1 мм.",Work Emotion CR2P
Комплект дисков Work,https://baza.drom.ru/chita/wheel/disc/komplekt-diskov-work-62675082.html,26999,"9.5x18"", 5x114.30, ET25, ЦО 73,1 мм.",Work
New! Комплект дисков Work T7R,https://baza.drom.ru/chita/wheel/disc/new-komplekt-diskov-work-t7r-62811692.html,26999,"8.5x18"", 5x114.30, ET33, ЦО 73,1 мм.",Work T7R
Комплект дисков Work,https://baza.drom.ru/chita/wheel/disc/komplekt-diskov-work-62983043.html,26999,"8.5/9.5x18"", 5x114.30, ET33/25, ЦО 73,1 мм.",Work
New! Work Emotion Cr-Kiwami,https://baza.drom.ru/chita/wheel/disc/new-work-emotion-cr-kiwami-63302278.html,26999,"8.5x18"", 5x100.00, 5x114.30, ET35, ЦО 73,1 мм.",Work Emotion Cr-Kiwami
New! Shogun A1,https://baza.drom.ru/chita/wheel/disc/new-shogun-a1-64902601.html,26999,"8.5x18"", 5x114.30, ET35, ЦО 73,1 мм.",Shogun A1
Комплект дисков Work,https://baza.drom.ru/chita/wheel/disc/komplekt-diskov-work-64914632.html,24999,"9.5x18"", 5x100.00, 5x114.30, ET20, ЦО 73,1 мм.",Work
Комплект дисков Rays te37,https://baza.drom.ru/chita/wheel/disc/komplekt-diskov-rays-te37-62608202.html,21999,"9.0x17"", 5x114.30, ET42, ЦО 73,1 мм.",Rays te37
Комплект дисков Rays CE28,https://baza.drom.ru/chita/wheel/disc/komplekt-diskov-rays-ce28-62851438.html,17999,"7.0x16"", 4x98.00, 4x100.00, ET30, ЦО 73,1 мм.",Rays CE28
Комплект дисков XXR 527,https://baza.drom.ru/chita/wheel/disc/komplekt-diskov-xxr-527-64874635.html,26999,"9.5x18"", 5x100.00, 5x114.30, ET30, ЦО 73,1 мм.",XXR 527
Комплект дисков Rays,https://baza.drom.ru/chita/wheel/disc/komplekt-diskov-rays-53748317.html,25999,"8.5x18"", 5x114.30, ET38, ЦО 73,1 мм.",Rays
New! Prodrive GC-05F,https://baza.drom.ru/chita/wheel/disc/new-prodrive-gc-05f-55388493.html,21999,"8.0x17"", 5x114.30, ET35, ЦО 73,1 мм.",Prodrive GC-05F
Комплект дисков Weld,https://baza.drom.ru/chita/wheel/disc/komplekt-diskov-weld-57580724.html,25999,"9.5/10.5x18"", 5x114.30, ET25/30, ЦО 73,1 мм.",Weld
New! Комплект Weds,https://baza.drom.ru/chita/wheel/disc/new-komplekt-weds-59572290.html,21999,"9.0x17"", 5x100.00, ET30, ЦО 73,1 мм.",Weds
New! Prodrive GC-05F,https://baza.drom.ru/chita/wheel/disc/new-prodrive-gc-05f-60271686.html,21999,"8.0x17"", 5x114.30, ET35, ЦО 73,1 мм.",Prodrive GC-05F
Комплект дисков,https://baza.drom.ru/chita/wheel/disc/komplekt-diskov-62494545.html,33000,"9.0x19"", 5x112.00, ET35, ЦО 73,1 мм.",
New! Work Emotion Cr-Kiwami,https://baza.drom.ru/chita/wheel/disc/new-work-emotion-cr-kiwami-64214415.html,21999,"8.0/9.0x17"", 5x100.00, 5x114.30, ET35/28, ЦО 73,1 мм.",Work Emotion Cr-Kiwami
Комплект дисков Rays CE28,https://baza.drom.ru/chita/wheel/disc/komplekt-diskov-rays-ce28-52273850.html,21999,"9.0x17"", 5x100.00, 5x114.30, ET30, ЦО 73,1 мм.",Rays CE28
Комплект дисков Vossen VFS2,https://baza.drom.ru/chita/wheel/disc/komplekt-diskov-vossen-vfs2-55276590.html,26999,"8.0/9.0x18"", 5x114.30, ET40/38, ЦО 73,1 мм.",Vossen VFS2
New! Prodrive GC-05F,https://baza.drom.ru/chita/wheel/disc/new-prodrive-gc-05f-55388500.html,21999,"9.0x17"", 5x114.30, ET30, ЦО 73,1 мм.",Prodrive GC-05F
Комплект дисков Work Cr-Kai,https://baza.drom.ru/chita/wheel/disc/komplekt-diskov-work-cr-kai-55549107.html,25999,"8.5x18"", 5x114.30, ET30, ЦО 73,1 мм.",Work Cr-Kai
Комплект дисков Rays,https://baza.drom.ru/chita/wheel/disc/komplekt-diskov-rays-57318603.html,20999,"9.0x17"", 5x100.00, ET35, ЦО 73,1 мм.",Rays
Комплект дисков Vossen VFS2,https://baza.drom.ru/chita/wheel/disc/komplekt-diskov-vossen-vfs2-58125931.html,26999,"8.0x18"", 5x114.30, ET40, ЦО 73,1 мм.",Vossen VFS2
Комплект дисков Weds,https://baza.drom.ru/chita/wheel/disc/komplekt-diskov-weds-59797931.html,26999,"9.5x18"", 5x114.30, ET20, ЦО 73,1 мм.",Weds
New! Prodrive GC-05F,https://baza.drom.ru/chita/wheel/disc/new-prodrive-gc-05f-60269523.html,21999,"9.0x17"", 5x100.00, ET30, ЦО 73,1 мм.",Prodrive GC-05F
Комплект дисков Rays,https://baza.drom.ru/chita/wheel/disc/komplekt-diskov-rays-61848208.html,21999,"8.0x17"", 4x100.00, 4x114.30, ET35, ЦО 73,1 мм.",Rays
Комплект дисков Vossen CV3,https://baza.drom.ru/chita/wheel/disc/komplekt-diskov-vossen-cv3-53910137.html,25999,"8.0/9.0x18"", 5x114.30, ET40/37, ЦО 73,1 мм.",Vossen CV3
New! Work Emotion Cr-Kiwami,https://baza.drom.ru/chita/wheel/disc/new-work-emotion-cr-kiwami-57912413.html,21999,"9.0x17"", 5x100.00, 5x114.30, ET28, ЦО 73,1 мм.",Work Emotion Cr-Kiwami
New! Work Emotion Cr-Kiwami,https://baza.drom.ru/chita/wheel/disc/new-work-emotion-cr-kiwami-60210649.html,21999,"8.0x17"", 5x100.00, 5x114.30, ET35, ЦО 73,1 мм.",Work Emotion Cr-Kiwami
Комплект дисков Weld,https://baza.drom.ru/chita/wheel/disc/komplekt-diskov-weld-61486059.html,25999,"10.5x18"", 5x114.30, ET30, ЦО 73,1 мм.",Weld
New! Комплект дисков Work T7R,https://baza.drom.ru/chita/wheel/disc/new-komplekt-diskov-work-t7r-62811665.html,26999,"8.5/9.5x18"", 5x114.30, ET33/25, ЦО 73,1 мм.",Work T7R
Комплект дисков Vossen VFS2,https://baza.drom.ru/chita/wheel/disc/komplekt-diskov-vossen-vfs2-63830650.html,33000,"9.5x19"", 5x114.30, ET32, ЦО 73,1 мм.",Vossen VFS2
Комплект дисков Weds,https://baza.drom.ru/chita/wheel/disc/komplekt-diskov-weds-64155315.html,21999,"8.0x17"", 5x114.30, ET35, ЦО 73,1 мм.",Weds
NEW! Work Equip 03,https://baza.drom.ru/chita/wheel/disc/new-work-equip-03-64427840.html,14999,"7.0x15"", 4x100.00, ET18, ЦО 73,1 мм.",Work Equip 03
New! Work Emotion Cr-Kiwami,https://baza.drom.ru/chita/wheel/disc/new-work-emotion-cr-kiwami-64841298.html,26999,"8.5x18"", 5x114.30, ET38, ЦО 73,1 мм.",Work Emotion Cr-Kiwami
New! Бронза. Shogun A1,https://baza.drom.ru/chita/wheel/disc/new-bronza-shogun-a1-65080792.html,26999,"8.5x18"", 5x114.30, ET35, ЦО 73,1 мм.",Бронза. Shogun A1
NEW! Cosmis Racing MRII,https://baza.drom.ru/chita/wheel/disc/new-cosmis-racing-mrii-65095247.html,25999,"9.5x18"", 5x114.30, ET22, ЦО 73,1 мм.",Cosmis Racing MRII
New! Vossen CV4,https://baza.drom.ru/chita/wheel/disc/new-vossen-cv4-61916520.html,21999,"8.0x17"", 5x114.30, ET31, ЦО 73,1 мм.",Vossen CV4
Комплект дисков Rays te37,https://baza.drom.ru/chita/wheel/disc/komplekt-diskov-rays-te37-62851158.html,21999,"8.0x17"", 5x100.00, ET30, ЦО 73,1 мм.",Rays te37
New! Комплект Work полка,https://baza.drom.ru/chita/wheel/disc/new-komplekt-work-polka-62940283.html,26999,"9.5x18"", 5x114.30, ET20, ЦО 73,1 мм.",Work полка
New! Work Emotion Cr-Kiwami,https://baza.drom.ru/chita/wheel/disc/new-work-emotion-cr-kiwami-63194451.html,26999,"8.5/9.5x18"", 5x100.00, 5x114.30, ET35/30, ЦО 73,1 мм.",Work Emotion Cr-Kiwami
Комплект дисков Vossen VFS2,https://baza.drom.ru/chita/wheel/disc/komplekt-diskov-vossen-vfs2-63802289.html,27999,"9.0x18"", 5x114.30, ET38, ЦО 73,1 мм.",Vossen VFS2
Дип. Shogun A1,https://baza.drom.ru/chita/wheel/disc/dip-shogun-a1-64215942.html,21999,"9.5x17"", 5x114.30, ET12, ЦО 73,1 мм.",Дип. Shogun A1
New! Rays te37,https://baza.drom.ru/chita/wheel/disc/new-rays-te37-65911209.html,17999,"7.0x16"", 4x98.00, 4x100.00, ET31, ЦО 73,1 мм.",Rays te37
New! Rota Grid TE37,https://baza.drom.ru/chita/wheel/disc/new-rota-grid-te37-66096503.html,26999,"9.0x18"", 5x114.30, ET30, ЦО 73,1 мм.",Rota Grid TE37
Комплект дисков Rays te37,https://baza.drom.ru/chita/wheel/disc/komplekt-diskov-rays-te37-60795435.html,21999,"8.0x17"", 5x100.00, ET30, ЦО 73,1 мм.",Rays te37
NEW! Комплект дисков Weds,https://baza.drom.ru/chita/wheel/disc/new-komplekt-diskov-weds-62333402.html,21999,"8.0x17"", 4x100.00, 4x114.30, ET35, ЦО 73,1 мм.",Weds
New! Комплект дисков Rays te37,https://baza.drom.ru/chita/wheel/disc/new-komplekt-diskov-rays-te37-63199533.html,26999,"10.0x18"", 5x114.30, ET27, ЦО 73,1 мм.",Rays te37
Дип. Бронза. Shogun A1,https://baza.drom.ru/chita/wheel/disc/dip-bronza-shogun-a1-63246120.html,26999,"9.5/10.5x18"", 5x114.30, ET20/15, ЦО 73,1 мм.",Дип. Бронза. Shogun A1
Комплект дисков Lexus,https://baza.drom.ru/chita/wheel/disc/komplekt-diskov-lexus-63602883.html,32999,"8.0x19"", 5x114.30, ET35, ЦО 60,1 мм.",Lexus
Комплект дисков Разноширокие BMW,https://baza.drom.ru/chita/wheel/disc/komplekt-diskov-raznoshirokie-bmw-64497565.html,27999,"8.5/9.5x18"", 5x120.00, ET28/30, ЦО 72,6 мм.",Разноширокие BMW
New! Work Cr-Kai,https://baza.drom.ru/chita/wheel/disc/new-work-cr-kai-65229631.html,14999,"8.25x15"", 4x100.00, 4x114.30, ET25, ЦО 73,1 мм.",Work Cr-Kai
New! Дип. Shogun A1,https://baza.drom.ru/chita/wheel/disc/new-dip-shogun-a1-65606915.html,21999,"9.5x17"", 5x114.30, ET18, ЦО 73,1 мм.",Дип. Shogun A1
New! Дип. Shogun A1 (Hiper black),https://baza.drom.ru/chita/wheel/disc/new-dip-shogun-a1-hiper-black-65906543.html,21999,"8.5x17"", 5x114.30, ET22, ЦО 73,1 мм.",Дип. Shogun A1 (Hiper black)
New! Rays te37,https://baza.drom.ru/chita/wheel/disc/new-rays-te37-65911304.html,17999,"7.0x16"", 4x98.00, 4x100.00, ET31, ЦО 73,1 мм.",Rays te37
New! Дип XXR 527,https://baza.drom.ru/chita/wheel/disc/new-dip-xxr-527-66245447.html,15999,"8.25x15"", 4x100.00, 4x114.30, ET0, ЦО 73,1 мм.",Дип XXR 527
New! Бронза. Shogun A1,https://baza.drom.ru/chita/wheel/disc/new-bronza-shogun-a1-64849185.html,21999,"8.0x17"", 5x100.00, ET35, ЦО 73,1 мм.",Бронза. Shogun A1
New! Enkei,https://baza.drom.ru/chita/wheel/disc/new-enkei-66096670.html,26999,"8.5x18"", 5x114.30, ET35, ЦО 73,1 мм.",Enkei
