link;price;title;title_short;annotation;diameter;width;et;pcd;type;dia;retail_price;brand;img;img_full;seller
https://baza.drom.ru/chita/wheel/disc/komplekt-diskov-xxr-527-62927868.html;21999;Комплект дисков XXR 527;XXR 527;"9.0x17"", 5x100.00, 5x114.30, ET28, ЦО 73,1мм.";"17""";"9.0""";28мм;100.00x5,114.30x5;Литой;73,1 мм.;26999;XXR;https://static.baza.farpost.ru/drom/1524526759692_bulletin;https://static.baza.farpost.ru/drom/1524526759692_default;Replika777
https://baza.drom.ru/chita/wheel/disc/new-dip-shogun-a1-65896887.html;21999;New! Дип. Shogun A1;Дип. Shogun A1;"8.5/9.5x17"", 5x114.30, ET22/18, ЦО 73,1мм.";"17""";"8.5/9.5""";22/18мм;114.30x5;Литой;73,1 мм.;26999;Shogun;https://static.baza.farpost.ru/drom/1534993470535_bulletin;https://static.baza.farpost.ru/drom/1534993470535_default;Replika777
https://baza.drom.ru/chita/wheel/disc/komplekt-diskov-lexus-63602883.html;32999;Комплект дисков Lexus;Lexus;"8.0x19"", 5x114.30, ET35, ЦО 60,1мм.";"19""";"8.0""";35мм;114.30x5;Литой;60,1 мм.;42999;Lexus;https://static.baza.farpost.ru/drom/1526973387059_bulletin;https://static.baza.farpost.ru/drom/1526973387059_default;Replika777
https://baza.drom.ru/chita/wheel/disc/komplekt-diskov-raznoshirokie-bmw-64497565.html;27999;Комплект дисков Разноширокие BMW;Разноширокие BMW;"8.5/9.5x18"", 5x120.00, ET28/30, ЦО 72,6мм.";"18""";"8.5/9.5""";28/30мм;120.00x5;Литой;72,6 мм.;32999;BMW;https://static.baza.farpost.ru/drom/1486701737092_bulletin;https://static.baza.farpost.ru/drom/1486701737092_default;Replika777
https://baza.drom.ru/chita/wheel/disc/new-bronza-shogun-a1-64849185.html;21999;New! Бронза. Shogun A1;Бронза. Shogun A1;"8.0x17"", 5x100.00, ET35, ЦО 73,1мм.";"17""";"8.0""";35мм;100.00x5;Литой;73,1 мм.;26999;Shogun;https://static.baza.farpost.ru/drom/1531208250942_bulletin;https://static.baza.farpost.ru/drom/1531208250942_default;Replika777
https://baza.drom.ru/chita/wheel/disc/new-enkei-66096670.html;26999;New! Enkei;Enkei;"8.5x18"", 5x114.30, ET35, ЦО 73,1мм.";"18""";"8.5""";35мм;114.30x5;Литой;73,1 мм.;31999;Enkei;https://static.baza.farpost.ru/drom/1535683995497_bulletin;https://static.baza.farpost.ru/drom/1535683995497_default;Replika777
https://baza.drom.ru/chita/wheel/disc/komplekt-diskov-rays-te37-60795435.html;21999;Комплект дисков Rays te37;Rays te37;"8.0x17"", 5x100.00, ET30, ЦО 73,1мм.";"17""";"8.0""";30мм;100.00x5;Литой;73,1 мм.;26999;RAYS;https://static.baza.farpost.ru/drom/1524750769372_bulletin;https://static.baza.farpost.ru/drom/1524750769372_default;Replika777
https://baza.drom.ru/chita/wheel/disc/new-komplekt-diskov-rays-te37-63199533.html;26999;New! Комплект дисков Rays te37;Rays te37;"10.0x18"", 5x114.30, ET27, ЦО 73,1мм.";"18""";"10.0""";27мм;114.30x5;Литой;73,1 мм.;31999;RAYS;https://static.baza.farpost.ru/drom/1517821879538_bulletin;https://static.baza.farpost.ru/drom/1517821879538_default;Replika777
https://baza.drom.ru/chita/wheel/disc/dip-bronza-shogun-a1-63246120.html;26999;Дип. Бронза. Shogun A1;Дип. Бронза. Shogun A1;"9.5/10.5x18"", 5x114.30, ET20/15, ЦО 73,1мм.";"18""";"9.5/10.5""";20/15мм;114.30x5;Литой;73,1 мм.;31999;Shogun;https://static.baza.farpost.ru/drom/1525778923164_bulletin;https://static.baza.farpost.ru/drom/1525778923164_default;Replika777
https://baza.drom.ru/chita/wheel/disc/komplekt-diskov-vossen-vfs2-63802289.html;27999;Комплект дисков Vossen VFS2;Vossen VFS2;"9.0x18"", 5x114.30, ET38, ЦО 73,1мм.";"18""";"9.0""";38мм;114.30x5;Литой;73,1 мм.;32999;Vossen;https://static.baza.farpost.ru/drom/1493273173001_bulletin;https://static.baza.farpost.ru/drom/1493273173001_default;Replika777
https://baza.drom.ru/chita/wheel/disc/new-work-cr-kai-65229631.html;15999;New! Work Cr-Kai;Work Cr-Kai;"8.25x15"", 4x100.00, 4x114.30, ET25, ЦО 73,1мм.";"15""";"8.25""";25мм;100.00x4,114.30x4;Литой;73,1 мм.;20999;Work;https://static.baza.farpost.ru/drom/1535086665671_bulletin;https://static.baza.farpost.ru/drom/1535086665671_default;Replika777
https://baza.drom.ru/chita/wheel/disc/new-dip-shogun-a1-65606915.html;21999;New! Дип. Shogun A1;Дип. Shogun A1;"9.5x17"", 5x114.30, ET18, ЦО 73,1мм.";"17""";"9.5""";18мм;114.30x5;Литой;73,1 мм.;26999;Shogun;https://static.baza.farpost.ru/drom/1535010349900_bulletin;https://static.baza.farpost.ru/drom/1535010349900_default;Replika777
https://baza.drom.ru/chita/wheel/disc/new-dip-shogun-a1-hiper-black-65906543.html;21999;New! Дип. Shogun A1 (Hiper black);Дип. Shogun A1 (Hiper black);"8.5x17"", 5x114.30, ET22, ЦО 73,1мм.";"17""";"8.5""";22мм;114.30x5;Литой;73,1 мм.;26999;Shogun;https://static.baza.farpost.ru/drom/1535010678328_bulletin;https://static.baza.farpost.ru/drom/1535010678328_default;Replika777
https://baza.drom.ru/chita/wheel/disc/new-rays-te37-65911304.html;17999;New! Rays te37;Rays te37;"7.0x16"", 4x98.00, 4x100.00, ET31, ЦО 73,1мм.";"16""";"7.0""";31мм;98.00x4,100.00x4;Литой;73,1 мм.;22999;RAYS;https://static.baza.farpost.ru/drom/1535020696123_bulletin;https://static.baza.farpost.ru/drom/1535020696123_default;Replika777
https://baza.drom.ru/chita/wheel/disc/new-dip-xxr-527-66245447.html;15999;New! Дип XXR 527;Дип XXR 527;"8.25x15"", 4x100.00, 4x114.30, ET0, ЦО 73,1мм.";"15""";"8.25""";0мм;100.00x4,114.30x4;Литой;73,1 мм.;20999;XXR;https://static.baza.farpost.ru/drom/1536204622859_bulletin;https://static.baza.farpost.ru/drom/1536204622859_default;Replika777
https://baza.drom.ru/chita/wheel/disc/dip-shogun-a1-64215942.html;21999;Дип. Shogun A1;Дип. Shogun A1;"9.5x17"", 5x114.30, ET12, ЦО 73,1мм.";"17""";"9.5""";12мм;114.30x5;Литой;73,1 мм.;26999;Shogun;https://static.baza.farpost.ru/drom/1528978101825_bulletin;https://static.baza.farpost.ru/drom/1528978101825_default;Replika777
https://baza.drom.ru/chita/wheel/disc/new-rays-te37-65911209.html;17999;New! Rays te37;Rays te37;"7.0x16"", 4x98.00, 4x100.00, ET31, ЦО 73,1мм.";"16""";"7.0""";31мм;98.00x4,100.00x4;Литой;73,1 мм.;22999;RAYS;https://static.baza.farpost.ru/drom/1535020513735_bulletin;https://static.baza.farpost.ru/drom/1535020513735_default;Replika777
https://baza.drom.ru/chita/wheel/disc/new-rota-grid-te37-66096503.html;26999;New! Rota Grid TE37;Rota Grid TE37;"9.0x18"", 5x114.30, ET30, ЦО 73,1мм.";"18""";"9.0""";30мм;114.30x5;Литой;73,1 мм.;31999;RAYS;https://static.baza.farpost.ru/drom/1517821879538_bulletin;https://static.baza.farpost.ru/drom/1517821879538_default;Replika777
https://baza.drom.ru/chita/wheel/disc/new-work-emotion-cr-kiwami-60210649.html;21999;New! Work Emotion Cr-Kiwami;Work Emotion Cr-Kiwami;"8.0x17"", 5x100.00, 5x114.30, ET35, ЦО 73,1мм.";"17""";"8.0""";35мм;100.00x5,114.30x5;Литой;73,1 мм.;26999;Work;https://static.baza.farpost.ru/drom/1494590370807_bulletin;https://static.baza.farpost.ru/drom/1494590370807_default;Replika777
https://baza.drom.ru/chita/wheel/disc/komplekt-diskov-weld-61486059.html;25999;Комплект дисков Weld;Weld;"10.5x18"", 5x114.30, ET30, ЦО 73,1мм.";"18""";"10.5""";30мм;114.30x5;Литой;73,1 мм.;30999;Weld;https://static.baza.farpost.ru/drom/1506740120850_bulletin;https://static.baza.farpost.ru/drom/1506740120850_default;Replika777
https://baza.drom.ru/chita/wheel/disc/new-vossen-cv4-61916520.html;21999;New! Vossen CV4;Vossen CV4;"8.0x17"", 5x114.30, ET31, ЦО 73,1мм.";"17""";"8.0""";31мм;114.30x5;Литой;73,1 мм.;26999;Vossen;https://static.baza.farpost.ru/drom/1535093676943_bulletin;https://static.baza.farpost.ru/drom/1535093676943_default;Replika777
https://baza.drom.ru/chita/wheel/disc/komplekt-diskov-rays-te37-62851158.html;21999;Комплект дисков Rays te37;Rays te37;"8.0x17"", 5x100.00, ET30, ЦО 73,1мм.";"17""";"8.0""";30мм;100.00x5;Литой;73,1 мм.;26999;RAYS;https://static.baza.farpost.ru/drom/1517821879538_bulletin;https://static.baza.farpost.ru/drom/1517821879538_default;Replika777
https://baza.drom.ru/chita/wheel/disc/new-komplekt-work-polka-62940283.html;26999;New! Комплект Work полка;Work полка;"9.5x18"", 5x114.30, ET20, ЦО 73,1мм.";"18""";"9.5""";20мм;114.30x5;Литой;73,1 мм.;31999;Work;https://static.baza.farpost.ru/drom/1524746219541_bulletin;https://static.baza.farpost.ru/drom/1524746219541_default;Replika777
https://baza.drom.ru/chita/wheel/disc/new-work-emotion-cr-kiwami-63194451.html;26999;New! Work Emotion Cr-Kiwami;Work Emotion Cr-Kiwami;"8.5/9.5x18"", 5x100.00, 5x114.30, ET35/30, ЦО 73,1мм.";"18""";"8.5/9.5""";35/30мм;100.00x5,114.30x5;Литой;73,1 мм.;31999;Work;https://static.baza.farpost.ru/drom/1481772150991_bulletin;https://static.baza.farpost.ru/drom/1481772150991_default;Replika777
https://baza.drom.ru/chita/wheel/disc/new-bronza-shogun-a1-65080792.html;26999;New! Бронза. Shogun A1;Бронза. Shogun A1;"8.5x18"", 5x114.30, ET35, ЦО 73,1мм.";"18""";"8.5""";35мм;114.30x5;Литой;73,1 мм.;31999;Shogun;https://static.baza.farpost.ru/drom/1531208250942_bulletin;https://static.baza.farpost.ru/drom/1531208250942_default;Replika777
https://baza.drom.ru/chita/wheel/disc/komplekt-diskov-vossen-cv3-53910137.html;25999;Комплект дисков Vossen CV3;Vossen CV3;"8.0/9.0x18"", 5x114.30, ET40/37, ЦО 73,1мм.";"18""";"8.0/9.0""";40/37мм;114.30x5;Литой;73,1 мм.;30999;Vossen;https://static.baza.farpost.ru/drom/1493794653448_bulletin;https://static.baza.farpost.ru/drom/1493794653448_default;Replika777
https://baza.drom.ru/chita/wheel/disc/new-work-emotion-cr-kiwami-57912413.html;21999;New! Work Emotion Cr-Kiwami;Work Emotion Cr-Kiwami;"9.0x17"", 5x100.00, 5x114.30, ET28, ЦО 73,1мм.";"17""";"9.0""";28мм;100.00x5,114.30x5;Литой;73,1 мм.;26999;Work;https://static.baza.farpost.ru/drom/1506823139603_bulletin;https://static.baza.farpost.ru/drom/1506823139603_default;Replika777
https://baza.drom.ru/chita/wheel/disc/new-komplekt-diskov-work-t7r-62811665.html;26999;New! Комплект дисков Work T7R;Work T7R;"8.5/9.5x18"", 5x114.30, ET33/25, ЦО 73,1мм.";"18""";"8.5/9.5""";33/25мм;114.30x5;Литой;73,1 мм.;31999;Work;https://static.baza.farpost.ru/drom/1524398057634_bulletin;https://static.baza.farpost.ru/drom/1524398057634_default;Replika777
https://baza.drom.ru/chita/wheel/disc/komplekt-diskov-vossen-vfs2-63830650.html;33000;Комплект дисков Vossen VFS2;Vossen VFS2;"9.5x19"", 5x114.30, ET32, ЦО 73,1мм.";"19""";"9.5""";32мм;114.30x5;Литой;73,1 мм.;43000;Vossen;https://static.baza.farpost.ru/drom/1493273173001_bulletin;https://static.baza.farpost.ru/drom/1493273173001_default;Replika777
https://baza.drom.ru/chita/wheel/disc/komplekt-diskov-weds-64155315.html;21999;Комплект дисков Weds;Weds;"8.0x17"", 5x114.30, ET35, ЦО 73,1мм.";"17""";"8.0""";35мм;114.30x5;Литой;73,1 мм.;26999;Weds;https://static.baza.farpost.ru/drom/1500430604891_bulletin;https://static.baza.farpost.ru/drom/1500430604891_default;Replika777
https://baza.drom.ru/chita/wheel/disc/new-work-equip-03-64427840.html;14999;NEW! Work Equip 03;Work Equip 03;"7.0x15"", 4x100.00, ET18, ЦО 73,1мм.";"15""";"7.0""";18мм;100.00x4;Литой;73,1 мм.;19999;Work;https://static.baza.farpost.ru/drom/1531274059955_bulletin;https://static.baza.farpost.ru/drom/1531274059955_default;Replika777
https://baza.drom.ru/chita/wheel/disc/new-work-emotion-cr-kiwami-64841298.html;26999;New! Work Emotion Cr-Kiwami;Work Emotion Cr-Kiwami;"8.5x18"", 5x114.30, ET38, ЦО 73,1мм.";"18""";"8.5""";38мм;114.30x5;Литой;73,1 мм.;31999;Work;https://static.baza.farpost.ru/drom/1531193825341_bulletin;https://static.baza.farpost.ru/drom/1531193825341_default;Replika777
https://baza.drom.ru/chita/wheel/disc/new-cosmis-racing-mrii-65095247.html;25999;NEW! Cosmis Racing MRII;Cosmis Racing MRII;"9.5x18"", 5x114.30, ET22, ЦО 73,1мм.";"18""";"9.5""";22мм;114.30x5;Литой;73,1 мм.;30999;Cosmis Racing MRII;https://static.baza.farpost.ru/drom/1520482943120_bulletin;https://static.baza.farpost.ru/drom/1520482943120_default;Replika777
https://baza.drom.ru/chita/wheel/disc/komplekt-diskov-rays-ce28-52273850.html;21999;Комплект дисков Rays CE28;Rays CE28;"9.0x17"", 5x100.00, 5x114.30, ET30, ЦО 73,1мм.";"17""";"9.0""";30мм;100.00x5,114.30x5;Литой;73,1 мм.;26999;RAYS;https://static.baza.farpost.ru/drom/1491343937069_bulletin;https://static.baza.farpost.ru/drom/1491343937069_default;Replika777
https://baza.drom.ru/chita/wheel/disc/komplekt-diskov-work-cr-kai-55549107.html;25999;Комплект дисков Work Cr-Kai;Work Cr-Kai;"8.5x18"", 5x114.30, ET30, ЦО 73,1мм.";"18""";"8.5""";30мм;114.30x5;Литой;73,1 мм.;30999;Work;https://static.baza.farpost.ru/drom/1499419637885_bulletin;https://static.baza.farpost.ru/drom/1499419637885_default;Replika777
https://baza.drom.ru/chita/wheel/disc/komplekt-diskov-rays-57318603.html;20999;Комплект дисков Rays;Rays;"9.0x17"", 5x100.00, ET35, ЦО 73,1мм.";"17""";"9.0""";35мм;100.00x5;Литой;73,1 мм.;25999;RAYS;https://static.baza.farpost.ru/drom/1505891039388_bulletin;https://static.baza.farpost.ru/drom/1505891039388_default;Replika777
https://baza.drom.ru/chita/wheel/disc/komplekt-diskov-vossen-vfs2-58125931.html;26999;Комплект дисков Vossen VFS2;Vossen VFS2;"8.0x18"", 5x114.30, ET40, ЦО 73,1мм.";"18""";"8.0""";40мм;114.30x5;Литой;73,1 мм.;31999;Vossen;https://static.baza.farpost.ru/drom/1493273173001_bulletin;https://static.baza.farpost.ru/drom/1493273173001_default;Replika777
https://baza.drom.ru/chita/wheel/disc/komplekt-diskov-weds-59797931.html;26999;Комплект дисков Weds;Weds;"9.5x18"", 5x114.30, ET20, ЦО 73,1мм.";"18""";"9.5""";20мм;114.30x5;Литой;73,1 мм.;31999;Weds Sport;https://static.baza.farpost.ru/drom/1486715809632_bulletin;https://static.baza.farpost.ru/drom/1486715809632_default;Replika777
https://baza.drom.ru/chita/wheel/disc/new-prodrive-gc-05f-60269523.html;21999;New! Prodrive GC-05F;Prodrive GC-05F;"9.0x17"", 5x100.00, ET30, ЦО 73,1мм.";"17""";"9.0""";30мм;100.00x5;Литой;73,1 мм.;26999;ProDrive;https://static.baza.farpost.ru/drom/1504915851736_bulletin;https://static.baza.farpost.ru/drom/1504915851736_default;Replika777
https://baza.drom.ru/chita/wheel/disc/komplekt-diskov-rays-61848208.html;21999;Комплект дисков Rays;Rays;"8.0x17"", 4x100.00, 4x114.30, ET35, ЦО 73,1мм.";"17""";"8.0""";35мм;100.00x4,114.30x4;Литой;73,1 мм.;26999;RAYS;https://static.baza.farpost.ru/drom/1506574996542_bulletin;https://static.baza.farpost.ru/drom/1506574996542_default;Replika777
https://baza.drom.ru/chita/wheel/disc/komplekt-diskov-rays-53748317.html;25999;Комплект дисков Rays;Rays;"8.5x18"", 5x114.30, ET38, ЦО 73,1мм.";"18""";"8.5""";38мм;114.30x5;Литой;73,1 мм.;30999;RAYS;https://static.baza.farpost.ru/drom/1493243492975_bulletin;https://static.baza.farpost.ru/drom/1493243492975_default;Replika777
https://baza.drom.ru/chita/wheel/disc/komplekt-diskov-vossen-vfs2-55276590.html;26999;Комплект дисков Vossen VFS2;Vossen VFS2;"8.0/9.0x18"", 5x114.30, ET40/38, ЦО 73,1мм.";"18""";"8.0/9.0""";40/38мм;114.30x5;Литой;73,1 мм.;31999;Vossen;https://static.baza.farpost.ru/drom/1495683625253_bulletin;https://static.baza.farpost.ru/drom/1495683625253_default;Replika777
https://baza.drom.ru/chita/wheel/disc/new-prodrive-gc-05f-55388493.html;21999;New! Prodrive GC-05F;Prodrive GC-05F;"8.0x17"", 5x114.30, ET35, ЦО 73,1мм.";"17""";"8.0""";35мм;114.30x5;Литой;73,1 мм.;26999;ProDrive;https://static.baza.farpost.ru/drom/1498831183272_bulletin;https://static.baza.farpost.ru/drom/1498831183272_default;Replika777
https://baza.drom.ru/chita/wheel/disc/new-prodrive-gc-05f-55388500.html;21999;New! Prodrive GC-05F;Prodrive GC-05F;"9.0x17"", 5x114.30, ET30, ЦО 73,1мм.";"17""";"9.0""";30мм;114.30x5;Литой;73,1 мм.;26999;ProDrive;https://static.baza.farpost.ru/drom/1504915851736_bulletin;https://static.baza.farpost.ru/drom/1504915851736_default;Replika777
https://baza.drom.ru/chita/wheel/disc/komplekt-diskov-weld-57580724.html;25999;Комплект дисков Weld;Weld;"9.5/10.5x18"", 5x114.30, ET25/30, ЦО 73,1мм.";"18""";"9.5/10.5""";25/30мм;114.30x5;Литой;73,1 мм.;30999;Weld;https://static.baza.farpost.ru/drom/1506740120850_bulletin;https://static.baza.farpost.ru/drom/1506740120850_default;Replika777
https://baza.drom.ru/chita/wheel/disc/komplekt-diskov-62494545.html;33000;Комплект дисков;;"9.0x19"", 5x112.00, ET35, ЦО 73,1мм.";"19""";"9.0""";35мм;112.00x5;Литой;73,1 мм.;43000;Wheelegend;https://static.baza.farpost.ru/drom/1523424812415_bulletin;https://static.baza.farpost.ru/drom/1523424812415_default;Replika777
https://baza.drom.ru/chita/wheel/disc/new-work-emotion-cr-kiwami-64214415.html;21999;New! Work Emotion Cr-Kiwami;Work Emotion Cr-Kiwami;"8.0/9.0x17"", 5x100.00, 5x114.30, ET35/28, ЦО 73,1мм.";"17""";"8.0/9.0""";35/28мм;100.00x5,114.30x5;Литой;73,1 мм.;26999;Work;https://static.baza.farpost.ru/drom/1528974556597_bulletin;https://static.baza.farpost.ru/drom/1528974556597_default;Replika777
https://baza.drom.ru/chita/wheel/disc/new-komplekt-weds-59572290.html;21999;New! Комплект Weds;Weds;"9.0x17"", 5x100.00, ET30, ЦО 73,1мм.";"17""";"9.0""";30мм;100.00x5;Литой;73,1 мм.;26999;Weds;https://static.baza.farpost.ru/drom/1524749663708_bulletin;https://static.baza.farpost.ru/drom/1524749663708_default;Replika777
https://baza.drom.ru/chita/wheel/disc/new-prodrive-gc-05f-60271686.html;21999;New! Prodrive GC-05F;Prodrive GC-05F;"8.0x17"", 5x114.30, ET35, ЦО 73,1мм.";"17""";"8.0""";35мм;114.30x5;Литой;73,1 мм.;26999;ProDrive;https://static.baza.farpost.ru/drom/1511757422164_bulletin;https://static.baza.farpost.ru/drom/1511757422164_default;Replika777
https://baza.drom.ru/chita/wheel/disc/new-work-emotion-cr-kiwami-62259851.html;26999;New! Work Emotion Cr-Kiwami;Work Emotion Cr-Kiwami;"8.5x18"", 5x100.00, 5x114.30, ET35, ЦО 73,1мм.";"18""";"8.5""";35мм;100.00x5,114.30x5;Литой;73,1 мм.;31999;Work;https://static.baza.farpost.ru/drom/1524780657633_bulletin;https://static.baza.farpost.ru/drom/1524780657633_default;Replika777
https://baza.drom.ru/chita/wheel/disc/komplekt-diskov-rays-te37-62608202.html;21999;Комплект дисков Rays te37;Rays te37;"9.0x17"", 5x114.30, ET42, ЦО 73,1мм.";"17""";"9.0""";42мм;114.30x5;Литой;73,1 мм.;26999;RAYS;https://static.baza.farpost.ru/drom/1523782832061_bulletin;https://static.baza.farpost.ru/drom/1523782832061_default;Replika777
https://baza.drom.ru/chita/wheel/disc/komplekt-diskov-work-62675082.html;26999;Комплект дисков Work;Work;"9.5x18"", 5x114.30, ET25, ЦО 73,1мм.";"18""";"9.5""";25мм;114.30x5;Литой;73,1 мм.;31999;Work;https://static.baza.farpost.ru/drom/1524388365788_bulletin;https://static.baza.farpost.ru/drom/1524388365788_default;Replika777
https://baza.drom.ru/chita/wheel/disc/komplekt-diskov-rays-ce28-62851438.html;17999;Комплект дисков Rays CE28;Rays CE28;"7.0x16"", 4x98.00, 4x100.00, ET30, ЦО 73,1мм.";"16""";"7.0""";30мм;98.00x4,100.00x4;Литой;73,1 мм.;22999;RAYS;https://static.baza.farpost.ru/drom/1524526118779_bulletin;https://static.baza.farpost.ru/drom/1524526118779_default;Replika777
https://baza.drom.ru/chita/wheel/disc/komplekt-diskov-xxr-527-64874635.html;26999;Комплект дисков XXR 527;XXR 527;"9.5x18"", 5x100.00, 5x114.30, ET30, ЦО 73,1мм.";"18""";"9.5""";30мм;100.00x5,114.30x5;Литой;73,1 мм.;31999;XXR;https://static.baza.farpost.ru/drom/1480394589617_bulletin;https://static.baza.farpost.ru/drom/1480394589617_default;Replika777
https://baza.drom.ru/chita/wheel/disc/new-shogun-a1-64902601.html;26999;New! Shogun A1;Shogun A1;"8.5x18"", 5x114.30, ET35, ЦО 73,1мм.";"18""";"8.5""";35мм;114.30x5;Литой;73,1 мм.;31999;Shogun;https://static.baza.farpost.ru/drom/1531378152479_bulletin;https://static.baza.farpost.ru/drom/1531378152479_default;Replika777
https://baza.drom.ru/chita/wheel/disc/komplekt-diskov-work-64914632.html;24999;Комплект дисков Work;Work;"9.5x18"", 5x100.00, 5x114.30, ET20, ЦО 73,1мм.";"18""";"9.5""";20мм;100.00x5,114.30x5;Литой;73,1 мм.;29999;Work;https://static.baza.farpost.ru/drom/1491633952006_bulletin;https://static.baza.farpost.ru/drom/1491633952006_default;Replika777
https://baza.drom.ru/chita/wheel/disc/komplekt-diskov-vossen-vfs1-inforged-62458885.html;21999;Комплект дисков Vossen VFS1 inforged;Vossen VFS1 inforged;"7.5x17"", 5x100.00, ET40, ЦО 73,1мм.";"17""";"7.5""";40мм;100.00x5;Литой;73,1 мм.;26999;Vossen;https://static.baza.farpost.ru/drom/1523775752369_bulletin;https://static.baza.farpost.ru/drom/1523775752369_default;Replika777
https://baza.drom.ru/chita/wheel/disc/komplekt-diskov-work-emotion-cr2p-62602095.html;26999;Комплект дисков Work Emotion CR2P;Work Emotion CR2P;"9.5x18"", 5x100.00, 5x114.30, ET22, ЦО 73,1мм.";"18""";"9.5""";22мм;100.00x5,114.30x5;Литой;73,1 мм.;31999;Work;https://static.baza.farpost.ru/drom/1523767762778_bulletin;https://static.baza.farpost.ru/drom/1523767762778_default;Replika777
https://baza.drom.ru/chita/wheel/disc/new-komplekt-diskov-work-t7r-62811692.html;26999;New! Комплект дисков Work T7R;Work T7R;"8.5x18"", 5x114.30, ET33, ЦО 73,1мм.";"18""";"8.5""";33мм;114.30x5;Литой;73,1 мм.;31999;Work;https://static.baza.farpost.ru/drom/1524398057634_bulletin;https://static.baza.farpost.ru/drom/1524398057634_default;Replika777
https://baza.drom.ru/chita/wheel/disc/komplekt-diskov-work-62983043.html;26999;Комплект дисков Work;Work;"8.5/9.5x18"", 5x114.30, ET33/25, ЦО 73,1мм.";"18""";"8.5/9.5""";33/25мм;114.30x5;Литой;73,1 мм.;31999;Work;https://static.baza.farpost.ru/drom/1524388365788_bulletin;https://static.baza.farpost.ru/drom/1524388365788_default;Replika777
https://baza.drom.ru/chita/wheel/disc/new-work-emotion-cr-kiwami-63302278.html;26999;New! Work Emotion Cr-Kiwami;Work Emotion Cr-Kiwami;"8.5x18"", 5x100.00, 5x114.30, ET35, ЦО 73,1мм.";"18""";"8.5""";35мм;100.00x5,114.30x5;Литой;73,1 мм.;31999;Work;https://static.baza.farpost.ru/drom/1535090809131_bulletin;https://static.baza.farpost.ru/drom/1535090809131_default;Replika777
https://baza.drom.ru/chita/wheel/disc/new-work-emotion-cr-kiwami-64851136.html;21999;New! Work Emotion Cr-Kiwami;Work Emotion Cr-Kiwami;"8.0x17"", 5x100.00, ET35, ЦО 73,1мм.";"17""";"8.0""";35мм;100.00x5;Литой;73,1 мм.;26999;Work;https://static.baza.farpost.ru/drom/1531193825341_bulletin;https://static.baza.farpost.ru/drom/1531193825341_default;Replika777
https://baza.drom.ru/chita/wheel/disc/komplekt-diskov-3sdm-64914039.html;20999;Комплект дисков 3SDM;3SDM;"9.0x17"", 5x100.00, ET30, ЦО 57,1мм.";"17""";"9.0""";30мм;100.00x5;Литой;57,1 мм.;25999;3SDM;https://static.baza.farpost.ru/drom/1524379846219_bulletin;https://static.baza.farpost.ru/drom/1524379846219_default;Replika777
https://baza.drom.ru/chita/wheel/disc/new-komplekt-diskov-xxr-527-64914553.html;26999;New! Комплект дисков XXR 527;XXR 527;"8.5x18"", 5x100.00, 5x114.30, ET35, ЦО 73,1мм.";"18""";"8.5""";35мм;100.00x5,114.30x5;Литой;73,1 мм.;31999;XXR;https://static.baza.farpost.ru/drom/1531407157467_bulletin;https://static.baza.farpost.ru/drom/1531407157467_default;Replika777
https://baza.drom.ru/chita/wheel/disc/komplekt-diskov-xxr-527-65229738.html;15999;Комплект дисков XXR 527;XXR 527;"8.25x15"", 4x100.00, 4x114.30, ET0, ЦО 73,1мм.";"15""";"8.25""";0мм;100.00x4,114.30x4;Литой;73,1 мм.;20999;XXR;https://static.baza.farpost.ru/drom/1535086387537_bulletin;https://static.baza.farpost.ru/drom/1535086387537_default;Replika777
https://baza.drom.ru/chita/wheel/disc/new-komplekt-work-t7r-63199800.html;26999;New! Комплект Work T7R;Work T7R;"8.5x18"", 5x114.30, ET33, ЦО 73,1мм.";"18""";"8.5""";33мм;114.30x5;Литой;73,1 мм.;31999;Work;https://static.baza.farpost.ru/drom/1525660730952_bulletin;https://static.baza.farpost.ru/drom/1525660730952_default;Replika777
https://baza.drom.ru/chita/wheel/disc/komplekt-diskov-rays-te37-64202102.html;15999;Комплект дисков Rays te37;Rays te37;"8.0x15"", 4x100.00, ET10, ЦО 73,1мм.";"15""";"8.0""";10мм;100.00x4;Литой;73,1 мм.;20999;RAYS;https://static.baza.farpost.ru/drom/1528949818554_bulletin;https://static.baza.farpost.ru/drom/1528949818554_default;Replika777
https://baza.drom.ru/chita/wheel/disc/new-komplekt-diskov-work-emotion-cr2p-64914488.html;25999;New! Комплект дисков Work Emotion CR2P;Work Emotion CR2P;"8.5x18"", 5x100.00, 5x114.30, ET28, ЦО 73,1мм.";"18""";"8.5""";28мм;100.00x5,114.30x5;Литой;73,1 мм.;30999;Work;https://static.baza.farpost.ru/drom/1524437827032_bulletin;https://static.baza.farpost.ru/drom/1524437827032_default;Replika777
https://baza.drom.ru/chita/wheel/disc/new-prodrive-gc-05f-60271289.html;21999;New! Prodrive GC-05F;Prodrive GC-05F;"9.0x17"", 5x114.30, ET30, ЦО 73,1мм.";"17""";"9.0""";30мм;114.30x5;Литой;73,1 мм.;26999;ProDrive;https://static.baza.farpost.ru/drom/1506091116512_bulletin;https://static.baza.farpost.ru/drom/1506091116512_default;Replika777
https://baza.drom.ru/chita/wheel/disc/komplekt-diskov-bbs-61486717.html;22999;Комплект дисков BBS;BBS;"8.0x17"", 4x100.00, 4x114.30, ET20, ЦО 73,1мм.";"17""";"8.0""";20мм;100.00x4,114.30x4;Литой;73,1 мм.;27999;BBS;https://static.baza.farpost.ru/drom/1520236762465_bulletin;https://static.baza.farpost.ru/drom/1520236762465_default;Replika777
https://baza.drom.ru/chita/wheel/disc/komplekt-diskov-vossen-cv3-62127069.html;24999;Комплект дисков Vossen CV3;Vossen CV3;"8.0x18"", 5x120.00, ET35, ЦО 72,6мм.";"18""";"8.0""";35мм;120.00x5;Литой;72,6 мм.;29999;Vossen;https://static.baza.farpost.ru/drom/1493374382875_bulletin;https://static.baza.farpost.ru/drom/1493374382875_default;Replika777
https://baza.drom.ru/chita/wheel/disc/new-komplekt-weds-62333625.html;21999;NEW! Комплект Weds;Weds;"8.0x17"", 5x100.00, ET35, ЦО 73,1мм.";"17""";"8.0""";35мм;100.00x5;Литой;73,1 мм.;26999;Weds;https://static.baza.farpost.ru/drom/1524751478185_bulletin;https://static.baza.farpost.ru/drom/1524751478185_default;Replika777
https://baza.drom.ru/chita/wheel/disc/new-komplekt-diskov-weds-62333710.html;21999;NEW! Комплект дисков Weds;Weds;"8.0x17"", 5x100.00, ET35, ЦО 73,1мм.";"17""";"8.0""";35мм;100.00x5;Литой;73,1 мм.;26999;Weds;https://static.baza.farpost.ru/drom/1524781872698_bulletin;https://static.baza.farpost.ru/drom/1524781872698_default;Replika777
https://baza.drom.ru/chita/wheel/disc/komplekt-diskov-vossen-cv5-62819567.html;21999;Комплект дисков Vossen CV5;Vossen CV5;"7.5x17"", 5x114.30, ET40, ЦО 73,1мм.";"17""";"7.5""";40мм;114.30x5;Литой;73,1 мм.;26999;Vossen;https://static.baza.farpost.ru/drom/1524441169654_bulletin;https://static.baza.farpost.ru/drom/1524441169654_default;Replika777
https://baza.drom.ru/chita/wheel/disc/komplekt-diskov-rays-te37v-63071643.html;25999;Комплект дисков Rays TE37V;Rays TE37V;"8.5/9.5x18"", 5x114.30, ET40/35, ЦО 73,1мм.";"18""";"8.5/9.5""";40/35мм;114.30x5;Литой;73,1 мм.;30999;RAYS;https://static.baza.farpost.ru/drom/1525245088856_bulletin;https://static.baza.farpost.ru/drom/1525245088856_default;Replika777
https://baza.drom.ru/chita/wheel/disc/komplekt-diskov-rays-te37-64211184.html;15999;Комплект дисков Rays te37;Rays te37;"8.0x15"", 4x100.00, ET10, ЦО 73,1мм.";"15""";"8.0""";10мм;100.00x4;Литой;73,1 мм.;20999;RAYS;https://static.baza.farpost.ru/drom/1528966581046_bulletin;https://static.baza.farpost.ru/drom/1528966581046_default;Replika777
https://baza.drom.ru/chita/wheel/disc/komplekt-diskov-work-53210778.html;24999;Комплект дисков Work;Work;"9.5x18"", 5x100.00, 5x114.30, ET20, ЦО 73,1мм.";"18""";"9.5""";20мм;100.00x5,114.30x5;Литой;73,1 мм.;29999;Work;https://static.baza.farpost.ru/drom/1491634223434_bulletin;https://static.baza.farpost.ru/drom/1491634223434_default;Replika777
https://baza.drom.ru/chita/wheel/disc/komplekt-diskov-3sdm-54322971.html;20999;Комплект дисков 3SDM;3SDM;"8.0x17"", 5x100.00, ET35, ЦО 73,1мм.";"17""";"8.0""";35мм;100.00x5;Литой;73,1 мм.;25999;3SDM;https://static.baza.farpost.ru/drom/1524379846219_bulletin;https://static.baza.farpost.ru/drom/1524379846219_default;Replika777
https://baza.drom.ru/chita/wheel/disc/new-shogun-a1-54870144.html;21999;New! Shogun A1;Shogun A1;"8.5x17"", 5x114.30, ET20, ЦО 73,1мм.";"17""";"8.5""";20мм;114.30x5;Литой;73,1 мм.;26999;RAYS;https://static.baza.farpost.ru/drom/1496998609249_bulletin;https://static.baza.farpost.ru/drom/1496998609249_default;Replika777
https://baza.drom.ru/chita/wheel/disc/new-prodrive-gc-05f-59158905.html;20999;New! Prodrive GC-05F;Prodrive GC-05F;"8.0x17"", 5x114.30, ET37, ЦО 67,1мм.";"17""";"8.0""";37мм;114.30x5;Литой;67,1 мм.;25999;ProDrive;https://static.baza.farpost.ru/drom/1535085311776_bulletin;https://static.baza.farpost.ru/drom/1535085311776_default;Replika777
https://baza.drom.ru/chita/wheel/disc/komplekt-diskov-weds-60795578.html;21999;Комплект дисков Weds;Weds;"8.0x17"", 5x114.30, ET35, ЦО 73,1мм.";"17""";"8.0""";35мм;114.30x5;Литой;73,1 мм.;26999;Weds;https://static.baza.farpost.ru/drom/1524782455230_bulletin;https://static.baza.farpost.ru/drom/1524782455230_default;Replika777
https://baza.drom.ru/chita/wheel/disc/komplekt-diskov-weds-60838105.html;21999;Комплект дисков Weds;Weds;"9.0x17"", 5x114.30, ET30, ЦО 73,1мм.";"17""";"9.0""";30мм;114.30x5;Литой;73,1 мм.;26999;Weds;https://static.baza.farpost.ru/drom/1500434260655_bulletin;https://static.baza.farpost.ru/drom/1500434260655_default;Replika777
https://baza.drom.ru/chita/wheel/disc/new-novye-wald-renovatio-r11c-61515646.html;37999;NEW ! Новые WALD Renovatio R11C;WALD Renovatio R11C;"8.5x20"", 5x150.00, ET40, ЦО 110,1мм.";"20""";"8.5""";40мм;150.00x5;Литой;110,1 мм.;47999;Wald;https://static.baza.farpost.ru/drom/1520322166244_bulletin;https://static.baza.farpost.ru/drom/1520322166244_default;Replika777
https://baza.drom.ru/chita/wheel/disc/new-vossen-cv4-61916481.html;21999;New! Vossen CV4;Vossen CV4;"8.0x17"", 5x114.30, ET31, ЦО 73,1мм.";"17""";"8.0""";31мм;114.30x5;Литой;73,1 мм.;26999;Vossen;https://static.baza.farpost.ru/drom/1535093837320_bulletin;https://static.baza.farpost.ru/drom/1535093837320_default;Replika777
https://baza.drom.ru/chita/wheel/disc/new-komplekt-work-t7r-63199781.html;26999;New! Комплект Work T7R;Work T7R;"9.5x18"", 5x114.30, ET25, ЦО 73,1мм.";"18""";"9.5""";25мм;114.30x5;Литой;73,1 мм.;31999;Work;https://static.baza.farpost.ru/drom/1525660730952_bulletin;https://static.baza.farpost.ru/drom/1525660730952_default;Replika777
https://baza.drom.ru/chita/wheel/disc/new-komplekt-vossen-cv5-63215324.html;21999;New! Комплект Vossen CV5;Vossen CV5;"7.5x17"", 4x100.00, 4x114.30, ET40, ЦО 73,1мм.";"17""";"7.5""";40мм;100.00x4,114.30x4;Литой;73,1 мм.;26999;Vossen;https://static.baza.farpost.ru/drom/1525689908197_bulletin;https://static.baza.farpost.ru/drom/1525689908197_default;Replika777
https://baza.drom.ru/chita/wheel/disc/new-work-emotion-cr-kiwami-64914650.html;26999;New! Work Emotion Cr-Kiwami;Work Emotion Cr-Kiwami;"8.5/9.5x18"", 5x100.00, 5x114.30, ET35/30, ЦО 73,1мм.";"18""";"8.5/9.5""";35/30мм;100.00x5,114.30x5;Литой;73,1 мм.;31999;Work;https://static.baza.farpost.ru/drom/1524749329358_bulletin;https://static.baza.farpost.ru/drom/1524749329358_default;Replika777
https://baza.drom.ru/chita/wheel/disc/komplekt-diskov-vossen-cv4-51578853.html;25999;Комплект дисков Vossen CV4;Vossen CV4;"8.5x18"", 5x114.30, ET31, ЦО 73,1мм.";"18""";"8.5""";31мм;114.30x5;Литой;73,1 мм.;30999;Vossen;https://static.baza.farpost.ru/drom/1486561923571_bulletin;https://static.baza.farpost.ru/drom/1486561923571_default;Replika777
https://baza.drom.ru/chita/wheel/disc/komplekt-diskov-vossen-vfs2-53315522.html;27999;Комплект дисков Vossen VFS2;Vossen VFS2;"8.0/9.0x18"", 5x112.00, ET35/33, ЦО 66,5мм.";"18""";"8.0/9.0""";35/33мм;112.00x5;Литой;66,5 мм.;32999;Vossen;https://static.baza.farpost.ru/drom/1493273173001_bulletin;https://static.baza.farpost.ru/drom/1493273173001_default;Replika777
https://baza.drom.ru/chita/wheel/disc/new-work-emotion-cr-kiwami-56604579.html;25999;New! Work Emotion Cr-Kiwami;Work Emotion Cr-Kiwami;"9.5x18"", 5x100.00, 5x114.30, ET28, ЦО 73,1мм.";"18""";"9.5""";28мм;100.00x5,114.30x5;Литой;73,1 мм.;30999;Work;https://static.baza.farpost.ru/drom/1503393074090_bulletin;https://static.baza.farpost.ru/drom/1503393074090_default;Replika777
https://baza.drom.ru/chita/wheel/disc/komplekt-diskov-bbs-59503579.html;16999;Комплект дисков BBS;BBS;"7.5x16"", 4x100.00, 4x114.30, ET18, ЦО 73,1мм.";"16""";"7.5""";18мм;100.00x4,114.30x4;Литой;73,1 мм.;21999;BBS;https://static.baza.farpost.ru/drom/1535094148558_bulletin;https://static.baza.farpost.ru/drom/1535094148558_default;Replika777
https://baza.drom.ru/chita/wheel/disc/komplekt-diskov-rays-te37-60795504.html;21999;Комплект дисков Rays te37;Rays te37;"9.0x17"", 5x100.00, ET25, ЦО 73,1мм.";"17""";"9.0""";25мм;100.00x5;Литой;73,1 мм.;26999;RAYS;https://static.baza.farpost.ru/drom/1524781269874_bulletin;https://static.baza.farpost.ru/drom/1524781269874_default;Replika777
https://baza.drom.ru/chita/wheel/disc/new-komplekt-diskov-rays-te37-61605539.html;26999;New! Комплект дисков Rays te37;Rays te37;"9.0/10.0x18"", 5x114.30, ET30/27, ЦО 73,1мм.";"18""";"9.0/10.0""";30/27мм;114.30x5;Литой;73,1 мм.;31999;RAYS;https://static.baza.farpost.ru/drom/1517821879538_bulletin;https://static.baza.farpost.ru/drom/1517821879538_default;Replika777
https://baza.drom.ru/chita/wheel/disc/dip-belye-shogun-a1-62280101.html;26999;Дип. Белые. Shogun A1;Дип. Белые. Shogun A1;"10.5x18"", 5x114.30, ET15, ЦО 73,1мм.";"18""";"10.5""";15мм;114.30x5;Литой;73,1 мм.;31999;Shogun;https://static.baza.farpost.ru/drom/1522562796855_bulletin;https://static.baza.farpost.ru/drom/1522562796855_default;Replika777
https://baza.drom.ru/chita/wheel/disc/new-komplekt-diskov-rays-te37-62820433.html;26999;New! Комплект дисков Rays te37;Rays te37;"8.5x18"", 5x114.30, ET35, ЦО 73,1мм.";"18""";"8.5""";35мм;114.30x5;Литой;73,1 мм.;31999;RAYS;https://static.baza.farpost.ru/drom/1524443478711_bulletin;https://static.baza.farpost.ru/drom/1524443478711_default;Replika777
https://baza.drom.ru/chita/wheel/disc/komplekt-diskov-xxr-527-62938464.html;21999;Комплект дисков XXR 527;XXR 527;"9.0x17"", 5x100.00, 5x114.30, ET28, ЦО 73,1мм.";"17""";"9.0""";28мм;100.00x5,114.30x5;Литой;73,1 мм.;26999;XXR;https://static.baza.farpost.ru/drom/1524747661758_bulletin;https://static.baza.farpost.ru/drom/1524747661758_default;Replika777
https://baza.drom.ru/chita/wheel/disc/komplekt-diskov-xxr-527-63216134.html;21999;Комплект дисков XXR 527;XXR 527;"9.0x17"", 4x100.00, 4x114.30, ET28, ЦО 73,1мм.";"17""";"9.0""";28мм;100.00x4,114.30x4;Литой;73,1 мм.;26999;XXR;https://static.baza.farpost.ru/drom/1525691065570_bulletin;https://static.baza.farpost.ru/drom/1525691065570_default;Replika777
https://baza.drom.ru/chita/wheel/disc/komplekt-diskov-work-emotion-cr2p-61487329.html;26999;Комплект дисков Work Emotion CR2P;Work Emotion CR2P;"8.5/9.5x18"", 5x100.00, 5x114.30, ET28/22, ЦО 73,1мм.";"18""";"8.5/9.5""";28/22мм;100.00x5,114.30x5;Литой;73,1 мм.;31999;Work;https://static.baza.farpost.ru/drom/1523767762778_bulletin;https://static.baza.farpost.ru/drom/1523767762778_default;Replika777
https://baza.drom.ru/chita/wheel/disc/komplekt-diskov-vossen-vfs2-62492927.html;27999;Комплект дисков Vossen VFS2;Vossen VFS2;"8.0/9.0x18"", 5x114.30, ET40/38, ЦО 73,1мм.";"18""";"8.0/9.0""";40/38мм;114.30x5;Литой;73,1 мм.;32999;Vossen;https://static.baza.farpost.ru/drom/1493273173001_bulletin;https://static.baza.farpost.ru/drom/1493273173001_default;Replika777
https://baza.drom.ru/chita/wheel/disc/komplekt-diskov-weds-62907340.html;21999;Комплект дисков Weds;Weds;"8.0/9.0x17"", 5x114.30, ET35/30, ЦО 73,1мм.";"17""";"8.0/9.0""";35/30мм;114.30x5;Литой;73,1 мм.;26999;Weds;https://static.baza.farpost.ru/drom/1525487096439_bulletin;https://static.baza.farpost.ru/drom/1525487096439_default;Replika777
https://baza.drom.ru/chita/wheel/disc/new-komplekt-diskov-bbs-63503470.html;17999;New! Комплект дисков BBS;BBS;"7.5x16"", 5x100.00, 5x114.30, ET18, ЦО 73,1мм.";"16""";"7.5""";18мм;100.00x5,114.30x5;Литой;73,1 мм.;22999;BBS;https://static.baza.farpost.ru/drom/1535094064301_bulletin;https://static.baza.farpost.ru/drom/1535094064301_default;Replika777
https://baza.drom.ru/chita/wheel/disc/komplekt-diskov-work-emotion-cr2p-64213345.html;21999;Комплект дисков Work Emotion CR2P;Work Emotion CR2P;"7.5x17"", 5x114.30, ET30, ЦО 73,1мм.";"17""";"7.5""";30мм;114.30x5;Литой;73,1 мм.;26999;Work;https://static.baza.farpost.ru/drom/1528972090085_bulletin;https://static.baza.farpost.ru/drom/1528972090085_default;Replika777
https://baza.drom.ru/chita/wheel/disc/komplekt-diskov-toyota-tlc200-64261353.html;29999;Комплект дисков Toyota TLC200;Toyota TLC200;"8.5x20"", 5x150.00, ET60, ЦО 110,0мм.";"20""";"8.5""";60мм;150.00x5;Литой;110,0 мм.;39999;Lexus;https://static.baza.farpost.ru/drom/1529143202796_bulletin;https://static.baza.farpost.ru/drom/1529143202796_default;Replika777
https://baza.drom.ru/chita/wheel/disc/new-novye-vossen-vps-305-inforged-64842176.html;21999;NEW ! Новые Vossen VPS 305 inforged;Vossen VPS 305 inforged;"7.5x17"", 4x100.00, 4x114.30, ET40, ЦО 73,1мм.";"17""";"7.5""";40мм;100.00x4,114.30x4;Литой;73,1 мм.;26999;Vossen;https://static.baza.farpost.ru/drom/1531195780364_bulletin;https://static.baza.farpost.ru/drom/1531195780364_default;Replika777
https://baza.drom.ru/chita/wheel/disc/dip-shogun-a1-65677250.html;26999;Дип. Shogun A1;Дип. Shogun A1;"9.5x18"", 5x114.30, ET20, ЦО 73,1мм.";"18""";"9.5""";20мм;114.30x5;Литой;73,1 мм.;31999;Shogun;https://static.baza.farpost.ru/drom/1525942902860_bulletin;https://static.baza.farpost.ru/drom/1525942902860_default;Replika777
https://baza.drom.ru/chita/wheel/disc/komplekt-diskov-work-emotion-cr2p-63199095.html;25999;Комплект дисков Work Emotion CR2P;Work Emotion CR2P;"8.5x18"", 5x114.30, ET30, ЦО 73,1мм.";"18""";"8.5""";30мм;114.30x5;Литой;73,1 мм.;30999;Work;https://static.baza.farpost.ru/drom/1525659655341_bulletin;https://static.baza.farpost.ru/drom/1525659655341_default;Replika777
https://baza.drom.ru/chita/wheel/disc/komplekt-diskov-xxr-527-63243783.html;25999;Комплект дисков XXR 527;XXR 527;"9.5x18"", 5x100.00, 5x114.30, ET30, ЦО 73,1мм.";"18""";"9.5""";30мм;100.00x5,114.30x5;Литой;73,1 мм.;30999;XXR;https://static.baza.farpost.ru/drom/1524747661758_bulletin;https://static.baza.farpost.ru/drom/1524747661758_default;Replika777
https://baza.drom.ru/chita/wheel/disc/new-komplekt-diskov-bbs-63503510.html;21999;New! Комплект дисков BBS;BBS;"8.0x17"", 4x100.00, 4x114.30, ET20, ЦО 73,1мм.";"17""";"8.0""";20мм;100.00x4,114.30x4;Литой;73,1 мм.;26999;BBS;https://static.baza.farpost.ru/drom/1535093975551_bulletin;https://static.baza.farpost.ru/drom/1535093975551_default;Replika777
https://baza.drom.ru/chita/wheel/disc/komplekt-diskov-lexus-64214167.html;27999;Комплект дисков Lexus;Lexus;"8.0x18"", 5x114.30, ET35, ЦО 60,1мм.";"18""";"8.0""";35мм;114.30x5;Литой;60,1 мм.;32999;Lexus;https://static.baza.farpost.ru/drom/1526973387059_bulletin;https://static.baza.farpost.ru/drom/1526973387059_default;Replika777
https://baza.drom.ru/chita/wheel/disc/komplekt-diskov-lexus-64262807.html;22999;Комплект дисков Lexus;Lexus;"7.0x17"", 5x114.30, ET35, ЦО 60,1мм.";"17""";"7.0""";35мм;114.30x5;Литой;60,1 мм.;27999;Lexus;https://static.baza.farpost.ru/drom/1494917574996_bulletin;https://static.baza.farpost.ru/drom/1494917574996_default;Replika777
https://baza.drom.ru/chita/wheel/disc/new-work-emotion-cr-kiwami-64841235.html;26999;New! Work Emotion Cr-Kiwami;Work Emotion Cr-Kiwami;"8.5x18"", 5x112.00, ET38, ЦО 73,1мм.";"18""";"8.5""";38мм;112.00x5;Литой;73,1 мм.;31999;Work;https://static.baza.farpost.ru/drom/1531193825341_bulletin;https://static.baza.farpost.ru/drom/1531193825341_default;Replika777
https://baza.drom.ru/chita/wheel/disc/new-work-emotion-cr-kiwami-64851116.html;21999;New! Work Emotion Cr-Kiwami;Work Emotion Cr-Kiwami;"8.0x17"", 5x114.30, ET35, ЦО 73,1мм.";"17""";"8.0""";35мм;114.30x5;Литой;73,1 мм.;26999;Work;https://static.baza.farpost.ru/drom/1531193825341_bulletin;https://static.baza.farpost.ru/drom/1531193825341_default;Replika777
https://baza.drom.ru/chita/wheel/disc/dip-shogun-a1-64867336.html;21999;Дип. Shogun A1;Дип. Shogun A1;"8.0x17"", 5x100.00, ET35, ЦО 73,1мм.";"17""";"8.0""";35мм;100.00x5;Литой;73,1 мм.;26999;Shogun;https://static.baza.farpost.ru/drom/1531275631133_bulletin;https://static.baza.farpost.ru/drom/1531275631133_default;Replika777
https://baza.drom.ru/chita/wheel/disc/dip-shogun-a1-64874356.html;21999;Дип. Shogun A1;Дип. Shogun A1;"9.5x17"", 5x114.30, ET15, ЦО 73,1мм.";"17""";"9.5""";15мм;114.30x5;Литой;73,1 мм.;26999;Shogun;https://static.baza.farpost.ru/drom/1531266329404_bulletin;https://static.baza.farpost.ru/drom/1531266329404_default;Replika777
https://baza.drom.ru/chita/wheel/disc/new-work-emotion-cr-kiwami-64914436.html;26999;New! Work Emotion Cr-Kiwami;Work Emotion Cr-Kiwami;"9.5x18"", 5x100.00, 5x114.30, ET30, ЦО 73,1мм.";"18""";"9.5""";30мм;100.00x5,114.30x5;Литой;73,1 мм.;31999;Work;https://static.baza.farpost.ru/drom/1481340823610_bulletin;https://static.baza.farpost.ru/drom/1481340823610_default;Replika777
https://baza.drom.ru/chita/wheel/disc/komplekt-diskov-work-emotion-t7r-64261170.html;17999;Комплект дисков Work Emotion T7R;Work Emotion T7R;"7.0x16"", 4x98.00, 4x100.00, ET35, ЦО 73,1мм.";"16""";"7.0""";35мм;98.00x4,100.00x4;Литой;73,1 мм.;22999;Work;https://static.baza.farpost.ru/drom/1529142668596_bulletin;https://static.baza.farpost.ru/drom/1529142668596_default;Replika777
https://baza.drom.ru/chita/wheel/disc/new-work-emotion-cr-kiwami-64356873.html;17999;New! Work Emotion Cr-Kiwami;Work Emotion Cr-Kiwami;"7.0x16"", 4x98.00, 4x100.00, ET30, ЦО 73,1мм.";"16""";"7.0""";30мм;98.00x4,100.00x4;Литой;73,1 мм.;22999;Work;https://static.baza.farpost.ru/drom/1531197402417_bulletin;https://static.baza.farpost.ru/drom/1531197402417_default;Replika777
https://baza.drom.ru/chita/wheel/disc/komplekt-diskov-xxr-527-65459489.html;26999;Комплект дисков XXR 527;XXR 527;"9.5/10.5x18"", 5x100.00, 5x114.30, ET30/18, ЦО 73,1мм.";"18""";"9.5/10.5""";30/18мм;100.00x5,114.30x5;Литой;73,1 мм.;31999;XXR;https://static.baza.farpost.ru/drom/1479376547235_bulletin;https://static.baza.farpost.ru/drom/1479376547235_default;Replika777
https://baza.drom.ru/chita/wheel/disc/komplekt-diskov-vossen-vfs2-62486182.html;32999;Комплект дисков Vossen VFS2;Vossen VFS2;"8.5x19"", 5x114.30, ET35, ЦО 73,1мм.";"19""";"8.5""";35мм;114.30x5;Литой;73,1 мм.;42999;Vossen;https://static.baza.farpost.ru/drom/1495683625253_bulletin;https://static.baza.farpost.ru/drom/1495683625253_default;Replika777
https://baza.drom.ru/chita/wheel/disc/komplekt-diskov-work-emotion-cr2p-62602089.html;26999;Комплект дисков Work Emotion CR2P;Work Emotion CR2P;"8.5x18"", 5x100.00, 5x114.30, ET28, ЦО 73,1мм.";"18""";"8.5""";28мм;100.00x5,114.30x5;Литой;73,1 мм.;31999;Work;https://static.baza.farpost.ru/drom/1523767762778_bulletin;https://static.baza.farpost.ru/drom/1523767762778_default;Replika777
https://baza.drom.ru/chita/wheel/disc/new-novye-toyota-lc-prado-150-r18-6x139-7-new-restajling-53409988.html;26999;NEW! Новые =Toyota-LC-Prado-150= R18 6x139,7 *NEW Рестайлинг*;=Toyota-LC-Prado-150= R18 6x139,7 * Рестайлинг*;"7.5x18"", 6x139.70, ET30, ЦО 106,1мм.";"18""";"7.5""";30мм;139.70x6;Литой;106,1 мм.;31999;Toyota Land Cruiser Prado;https://static.baza.farpost.ru/drom/1492211195955_bulletin;https://static.baza.farpost.ru/drom/1492211195955_default;Replika777
https://baza.drom.ru/chita/wheel/disc/komplekt-diskov-xxr-527-55276642.html;21999;Комплект дисков XXR 527;XXR 527;"9.0x17"", 4x100.00, 4x114.30, ET30, ЦО 73,1мм.";"17""";"9.0""";30мм;100.00x4,114.30x4;Литой;73,1 мм.;26999;XXR;https://static.baza.farpost.ru/drom/1524526759874_bulletin;https://static.baza.farpost.ru/drom/1524526759874_default;Replika777
https://baza.drom.ru/chita/wheel/disc/komplekt-diskov-xxr-527-56328117.html;18999;Комплект дисков XXR 527;XXR 527;"7.0x16"", 4x98.00, 4x100.00, ET30, ЦО 73,1мм.";"16""";"7.0""";30мм;98.00x4,100.00x4;Литой;73,1 мм.;23999;XXR;https://static.baza.farpost.ru/drom/1535009896997_bulletin;https://static.baza.farpost.ru/drom/1535009896997_default;Replika777
https://baza.drom.ru/chita/wheel/disc/komplekt-diskov-59311365.html;20999;Комплект дисков;;"7.5x17"", 4x100.00, ET40, ЦО 73,1мм.";"17""";"7.5""";40мм;100.00x4;Литой;73,1 мм.;25999;RAYS;https://static.baza.farpost.ru/drom/1512268162027_bulletin;https://static.baza.farpost.ru/drom/1512268162027_default;Replika777
https://baza.drom.ru/chita/wheel/disc/komplekt-diskov-rays-te37-61601082.html;21999;Комплект дисков Rays te37;Rays te37;"8.0x17"", 5x114.30, ET30, ЦО 73,1мм.";"17""";"8.0""";30мм;114.30x5;Литой;73,1 мм.;26999;RAYS;https://static.baza.farpost.ru/drom/1524751099262_bulletin;https://static.baza.farpost.ru/drom/1524751099262_default;Replika777
https://baza.drom.ru/chita/wheel/disc/komplekt-diskov-vossen-cvt-62491480.html;21999;Комплект дисков Vossen CVT;Vossen CVT;"7.5x17"", 4x100.00, 4x114.30, ET40, ЦО 73,1мм.";"17""";"7.5""";40мм;100.00x4,114.30x4;Литой;73,1 мм.;26999;Vossen;https://static.baza.farpost.ru/drom/1525660065657_bulletin;https://static.baza.farpost.ru/drom/1525660065657_default;Replika777
https://baza.drom.ru/chita/wheel/disc/new-work-t7r-62675250.html;26999;New! Work T7R;Work T7R;"9.5x18"", 5x114.30, ET25, ЦО 73,1мм.";"18""";"9.5""";25мм;114.30x5;Литой;73,1 мм.;31999;Work;https://static.baza.farpost.ru/drom/1524398057634_bulletin;https://static.baza.farpost.ru/drom/1524398057634_default;Replika777
https://baza.drom.ru/chita/wheel/disc/komplekt-diskov-xxr-527-62906936.html;26999;Комплект дисков XXR 527;XXR 527;"8.5/9.5x18"", 5x100.00, 5x114.30, ET35/30, ЦО 73,1мм.";"18""";"8.5/9.5""";35/30мм;100.00x5,114.30x5;Литой;73,1 мм.;31999;XXR;https://static.baza.farpost.ru/drom/1480394589617_bulletin;https://static.baza.farpost.ru/drom/1480394589617_default;Replika777
https://baza.drom.ru/chita/wheel/disc/komplekt-diskov-weds-62907449.html;21999;Комплект дисков Weds;Weds;"8.0/9.0x17"", 5x100.00, ET35/30, ЦО 73,1мм.";"17""";"8.0/9.0""";35/30мм;100.00x5;Литой;73,1 мм.;26999;Weds;https://static.baza.farpost.ru/drom/1500430604891_bulletin;https://static.baza.farpost.ru/drom/1500430604891_default;Replika777
https://baza.drom.ru/chita/wheel/disc/dip-shogun-a1-63338468.html;26999;Дип. Shogun A1;Дип. Shogun A1;"10.5x18"", 5x114.30, ET15, ЦО 73,1мм.";"18""";"10.5""";15мм;114.30x5;Литой;73,1 мм.;31999;Shogun;https://static.baza.farpost.ru/drom/1528972611563_bulletin;https://static.baza.farpost.ru/drom/1528972611563_default;Replika777
https://baza.drom.ru/chita/wheel/disc/komplekt-diskov-vossen-cv3-50239291.html;21999;Комплект дисков Vossen CV3;Vossen CV3;"8.0x17"", 5x100.00, ET30, ЦО 73,1мм.";"17""";"8.0""";30мм;100.00x5;Литой;73,1 мм.;26999;Vossen;https://static.baza.farpost.ru/drom/1483063281672_bulletin;https://static.baza.farpost.ru/drom/1483063281672_default;Replika777
https://baza.drom.ru/chita/wheel/disc/komplekt-diskov-rays-ce28-53068322.html;21999;Комплект дисков Rays CE28;Rays CE28;"9.0x17"", 5x100.00, 5x114.30, ET30, ЦО 73,1мм.";"17""";"9.0""";30мм;100.00x5,114.30x5;Литой;73,1 мм.;26999;RAYS;https://static.baza.farpost.ru/drom/1528971831540_bulletin;https://static.baza.farpost.ru/drom/1528971831540_default;Replika777
https://baza.drom.ru/chita/wheel/disc/new-prodrive-gc-05f-55388581.html;21999;New! Prodrive GC-05F;Prodrive GC-05F;"8.0x17"", 5x114.30, ET35, ЦО 73,1мм.";"17""";"8.0""";35мм;114.30x5;Литой;73,1 мм.;26999;ProDrive;https://static.baza.farpost.ru/drom/1501145318949_bulletin;https://static.baza.farpost.ru/drom/1501145318949_default;Replika777
https://baza.drom.ru/chita/wheel/disc/komplekt-diskov-weds-55829327.html;21999;Комплект дисков Weds;Weds;"9.0x17"", 5x100.00, ET25, ЦО 73,1мм.";"17""";"9.0""";25мм;100.00x5;Литой;73,1 мм.;26999;Weds;https://static.baza.farpost.ru/drom/1500447458274_bulletin;https://static.baza.farpost.ru/drom/1500447458274_default;Replika777
https://baza.drom.ru/chita/wheel/disc/komplekt-diskov-work-emotion-cr2p-55865157.html;25999;Комплект дисков Work Emotion CR2P;Work Emotion CR2P;"8.5x18"", 5x114.30, ET30, ЦО 73,1мм.";"18""";"8.5""";30мм;114.30x5;Литой;73,1 мм.;30999;Work;https://static.baza.farpost.ru/drom/1525659405411_bulletin;https://static.baza.farpost.ru/drom/1525659405411_default;Replika777
https://baza.drom.ru/chita/wheel/disc/komplekt-diskov-weds-57632900.html;21999;Комплект дисков Weds;Weds;"9.0x17"", 5x100.00, ET30, ЦО 73,1мм.";"17""";"9.0""";30мм;100.00x5;Литой;73,1 мм.;26999;Weds;https://static.baza.farpost.ru/drom/1526000967981_bulletin;https://static.baza.farpost.ru/drom/1526000967981_default;Replika777
https://baza.drom.ru/chita/wheel/disc/komplekt-diskov-weds-61771132.html;21999;Комплект дисков Weds;Weds;"8.0x17"", 5x114.30, ET35, ЦО 73,1мм.";"17""";"8.0""";35мм;114.30x5;Литой;73,1 мм.;26999;Weds;https://static.baza.farpost.ru/drom/1525659914092_bulletin;https://static.baza.farpost.ru/drom/1525659914092_default;Replika777
https://baza.drom.ru/chita/wheel/disc/new-komplekt-vossen-cv3-62819232.html;21999;New! Комплект Vossen CV3;Vossen CV3;"8.0x17"", 5x114.30, ET30, ЦО 73,1мм.";"17""";"8.0""";30мм;114.30x5;Литой;73,1 мм.;26999;Vossen;https://static.baza.farpost.ru/drom/1524439757538_bulletin;https://static.baza.farpost.ru/drom/1524439757538_default;Replika777
https://baza.drom.ru/chita/wheel/disc/new-komplekt-rota-rays-te37-62907255.html;21999;New! Комплект Rota Rays te37;Rota Rays te37;"8.0x17"", 5x114.30, ET30, ЦО 73,1мм.";"17""";"8.0""";30мм;114.30x5;Литой;73,1 мм.;26999;RAYS;https://static.baza.farpost.ru/drom/1517821879538_bulletin;https://static.baza.farpost.ru/drom/1517821879538_default;Replika777
https://baza.drom.ru/chita/wheel/disc/dip-bronza-shogun-a1-63246225.html;26999;Дип. Бронза. Shogun A1;Дип. Бронза. Shogun A1;"10.5x18"", 5x114.30, ET15, ЦО 73,1мм.";"18""";"10.5""";15мм;114.30x5;Литой;73,1 мм.;31999;Shogun;https://static.baza.farpost.ru/drom/1525778923164_bulletin;https://static.baza.farpost.ru/drom/1525778923164_default;Replika777
https://baza.drom.ru/chita/wheel/disc/komplekt-diskov-raznoshirokie-bmw-64826271.html;31999;Комплект дисков Разноширокие BMW;Разноширокие BMW;"8.5/9.5x19"", 5x120.00, ET28/30, ЦО 72,6мм.";"19""";"8.5/9.5""";28/30мм;120.00x5;Литой;72,6 мм.;41999;BMW;https://static.baza.farpost.ru/drom/1486701737092_bulletin;https://static.baza.farpost.ru/drom/1486701737092_default;Replika777
https://baza.drom.ru/chita/wheel/disc/komplekt-diskov-rays-te37-56318071.html;17999;Комплект дисков Rays te37;Rays te37;"7.0x16"", 4x98.00, 4x100.00, ET30, ЦО 73,1мм.";"16""";"7.0""";30мм;98.00x4,100.00x4;Литой;73,1 мм.;22999;RAYS;https://static.baza.farpost.ru/drom/1503458364369_bulletin;https://static.baza.farpost.ru/drom/1503458364369_default;Replika777
https://baza.drom.ru/chita/wheel/disc/komplekt-diskov-rays-te37-56318119.html;16999;Комплект дисков Rays te37;Rays te37;"7.0x16"", 4x98.00, 4x100.00, ET30, ЦО 73,1мм.";"16""";"7.0""";30мм;98.00x4,100.00x4;Литой;73,1 мм.;21999;RAYS;https://static.baza.farpost.ru/drom/1503457397385_bulletin;https://static.baza.farpost.ru/drom/1503457397385_default;Replika777
https://baza.drom.ru/chita/wheel/disc/new-xxr-527-56328176.html;17999;New! XXR 527;XXR 527;"7.0x16"", 4x98.00, 4x100.00, ET30, ЦО 73,1мм.";"16""";"7.0""";30мм;98.00x4,100.00x4;Литой;73,1 мм.;22999;XXR;https://static.baza.farpost.ru/drom/1535089822837_bulletin;https://static.baza.farpost.ru/drom/1535089822837_default;Replika777
https://baza.drom.ru/chita/wheel/disc/new-prodrive-gc-05f-60269562.html;21999;New! Prodrive GC-05F;Prodrive GC-05F;"8.0/9.0x17"", 5x114.30, ET35/30, ЦО 73,1мм.";"17""";"8.0/9.0""";35/30мм;114.30x5;Литой;73,1 мм.;26999;ProDrive;https://static.baza.farpost.ru/drom/1500545206889_bulletin;https://static.baza.farpost.ru/drom/1500545206889_default;Replika777
https://baza.drom.ru/chita/wheel/disc/new-prodrive-gc-05f-60271320.html;21999;New! Prodrive GC-05F;Prodrive GC-05F;"8.0/9.0x17"", 5x114.30, ET35/30, ЦО 73,1мм.";"17""";"8.0/9.0""";35/30мм;114.30x5;Литой;73,1 мм.;26999;ProDrive;https://static.baza.farpost.ru/drom/1506091116512_bulletin;https://static.baza.farpost.ru/drom/1506091116512_default;Replika777
https://baza.drom.ru/chita/wheel/disc/komplekt-diskov-62305562.html;32999;Комплект дисков;;"9.5x19"", 5x114.30, ET35, ЦО 73,1мм.";"19""";"9.5""";35мм;114.30x5;Литой;73,1 мм.;42999;Wheelegend;https://static.baza.farpost.ru/drom/1522831211156_bulletin;https://static.baza.farpost.ru/drom/1522831211156_default;Replika777
https://baza.drom.ru/chita/wheel/disc/new-komplekt-weds-62333550.html;21999;NEW! Комплект Weds;Weds;"8.0x17"", 5x100.00, ET35, ЦО 73,1мм.";"17""";"8.0""";35мм;100.00x5;Литой;73,1 мм.;26999;Weds;https://static.baza.farpost.ru/drom/1524752096026_bulletin;https://static.baza.farpost.ru/drom/1524752096026_default;Replika777
https://baza.drom.ru/chita/wheel/disc/komplekt-diskov-vossen-cv3-63364679.html;17999;Комплект дисков Vossen CV3;Vossen CV3;"7.0x16"", 5x100.00, ET40, ЦО 73,1мм.";"16""";"7.0""";40мм;100.00x5;Литой;73,1 мм.;22999;Vossen;https://static.baza.farpost.ru/drom/1492399623370_bulletin;https://static.baza.farpost.ru/drom/1492399623370_default;Replika777
https://baza.drom.ru/chita/wheel/disc/dip-shogun-a1-65077912.html;26999;Дип. Shogun A1;Дип. Shogun A1;"8.5x18"", 5x114.30, ET35, ЦО 73,1мм.";"18""";"8.5""";35мм;114.30x5;Литой;73,1 мм.;31999;Shogun;https://static.baza.farpost.ru/drom/1531275631133_bulletin;https://static.baza.farpost.ru/drom/1531275631133_default;Replika777
https://baza.drom.ru/chita/wheel/disc/komplekt-diskov-vossen-vfs2-65245224.html;31999;Комплект дисков Vossen VFS2;Vossen VFS2;"8.5/9.5x19"", 5x112.00, ET32/33, ЦО 66,5мм.";"19""";"8.5/9.5""";32/33мм;112.00x5;Литой;66,5 мм.;41999;Vossen;https://static.baza.farpost.ru/drom/1493273173001_bulletin;https://static.baza.farpost.ru/drom/1493273173001_default;Replika777
https://baza.drom.ru/chita/wheel/disc/komplekt-diskov-rays-te37-59251090.html;21999;Комплект дисков Rays te37;Rays te37;"9.0x17"", 5x114.30, ET25, ЦО 73,1мм.";"17""";"9.0""";25мм;114.30x5;Литой;73,1 мм.;26999;RAYS;https://static.baza.farpost.ru/drom/1524749936075_bulletin;https://static.baza.farpost.ru/drom/1524749936075_default;Replika777
https://baza.drom.ru/chita/wheel/disc/new-rays-te37-61834394.html;28999;NEW! Rays te37;Rays te37;"8.5x18"", 6x139.70, ET20, ЦО 110,0мм.";"18""";"8.5""";20мм;139.70x6;Литой;110,0 мм.;33999;RAYS;https://static.baza.farpost.ru/drom/1521437552332_bulletin;https://static.baza.farpost.ru/drom/1521437552332_default;Replika777
https://baza.drom.ru/chita/wheel/disc/komplekt-diskov-62305498.html;26999;Комплект дисков;;"9.0x18"", 5x114.30, ET35, ЦО 73,1мм.";"18""";"9.0""";35мм;114.30x5;Литой;73,1 мм.;31999;Wheelegend;https://static.baza.farpost.ru/drom/1523424812415_bulletin;https://static.baza.farpost.ru/drom/1523424812415_default;Replika777
https://baza.drom.ru/chita/wheel/disc/new-komplekt-diskov-work-t7r-62675099.html;27999;NEW! Комплект дисков Work T7R;Work T7R;"8.5x18"", 5x114.30, ET33, ЦО 73,1мм.";"18""";"8.5""";33мм;114.30x5;Литой;73,1 мм.;32999;Work;https://static.baza.farpost.ru/drom/1524390045743_bulletin;https://static.baza.farpost.ru/drom/1524390045743_default;Replika777
https://baza.drom.ru/chita/wheel/disc/new-komplekt-work-t7r-63199642.html;26999;New! Комплект Work T7R;Work T7R;"8.5/9.5x18"", 5x114.30, ET33/25, ЦО 73,1мм.";"18""";"8.5/9.5""";33/25мм;114.30x5;Литой;73,1 мм.;31999;Work;https://static.baza.farpost.ru/drom/1525660730952_bulletin;https://static.baza.farpost.ru/drom/1525660730952_default;Replika777
https://baza.drom.ru/chita/wheel/disc/dip-shogun-a1-63287776.html;26999;Дип. Shogun A1;Дип. Shogun A1;"10.5x18"", 5x114.30, ET15, ЦО 73,1мм.";"18""";"10.5""";15мм;114.30x5;Литой;73,1 мм.;31999;Shogun;https://static.baza.farpost.ru/drom/1525942902860_bulletin;https://static.baza.farpost.ru/drom/1525942902860_default;Replika777
https://baza.drom.ru/chita/wheel/disc/komplekt-diskov-xxr-527-64840544.html;26999;Комплект дисков XXR 527;XXR 527;"9.5x18"", 5x112.00, 5x114.30, ET30, ЦО 73,1мм.";"18""";"9.5""";30мм;112.00x5,114.30x5;Литой;73,1 мм.;31999;XXR;https://static.baza.farpost.ru/drom/1480394589617_bulletin;https://static.baza.farpost.ru/drom/1480394589617_default;Replika777
https://baza.drom.ru/chita/wheel/disc/komplekt-diskov-vossen-vfs2-65245189.html;27999;Комплект дисков Vossen VFS2;Vossen VFS2;"8.0x18"", 5x112.00, ET35, ЦО 66,5мм.";"18""";"8.0""";35мм;112.00x5;Литой;66,5 мм.;32999;Vossen;https://static.baza.farpost.ru/drom/1493273173001_bulletin;https://static.baza.farpost.ru/drom/1493273173001_default;Replika777
https://baza.drom.ru/chita/wheel/disc/komplekt-diskov-xxr-527-65460475.html;26999;Комплект дисков XXR 527;XXR 527;"8.5x18"", 5x100.00, 5x114.30, ET35, ЦО 73,1мм.";"18""";"8.5""";35мм;100.00x5,114.30x5;Литой;73,1 мм.;31999;XXR;https://static.baza.farpost.ru/drom/1480394589617_bulletin;https://static.baza.farpost.ru/drom/1480394589617_default;Replika777
https://baza.drom.ru/chita/wheel/disc/new-dip-shogun-a1-65606974.html;21999;New! Дип. Shogun A1;Дип. Shogun A1;"8.5x17"", 5x114.30, ET22, ЦО 73,1мм.";"17""";"8.5""";22мм;114.30x5;Литой;73,1 мм.;26999;Shogun;https://static.baza.farpost.ru/drom/1534993246498_bulletin;https://static.baza.farpost.ru/drom/1534993246498_default;Replika777
https://baza.drom.ru/chita/wheel/disc/komplekt-diskov-vossen-cv3-65678270.html;21999;Комплект дисков Vossen CV3;Vossen CV3;"8.0x17"", 5x114.30, ET30, ЦО 73,1мм.";"17""";"8.0""";30мм;114.30x5;Литой;73,1 мм.;26999;Vossen;https://static.baza.farpost.ru/drom/1483063281672_bulletin;https://static.baza.farpost.ru/drom/1483063281672_default;Replika777
https://baza.drom.ru/chita/wheel/disc/new-komplekt-diskov-vossen-cv5-57399689.html;20999;New! Комплект дисков Vossen CV5;Vossen CV5;"8.0x17"", 5x100.00, ET35, ЦО 73,1мм.";"17""";"8.0""";35мм;100.00x5;Литой;73,1 мм.;25999;Vossen;https://static.baza.farpost.ru/drom/1524442890548_bulletin;https://static.baza.farpost.ru/drom/1524442890548_default;Replika777
https://baza.drom.ru/chita/wheel/disc/new-komplekt-diskov-rays-62938655.html;17500;New! Комплект дисков Rays;Rays;"7.0x16"", 4x100.00, ET35, ЦО 73,1мм.";"16""";"7.0""";35мм;100.00x4;Литой;73,1 мм.;22500;RAYS;https://static.baza.farpost.ru/drom/1524750523353_bulletin;https://static.baza.farpost.ru/drom/1524750523353_default;Replika777
https://baza.drom.ru/chita/wheel/disc/weds-2sht-64263242.html;9999;Weds (2шт);Weds (2шт);"9.0x17"", 5x114.30, ET25, ЦО 73,1мм.";"17""";"9.0""";25мм;114.30x5;Литой;73,1 мм.;14999;Weds;https://static.baza.farpost.ru/drom/1501040609327_bulletin;https://static.baza.farpost.ru/drom/1501040609327_default;Replika777
https://baza.drom.ru/chita/wheel/disc/komplekt-diskov-vossen-vfs2-65245199.html;31999;Комплект дисков Vossen VFS2;Vossen VFS2;"8.5x19"", 5x112.00, ET32, ЦО 66,5мм.";"19""";"8.5""";32мм;112.00x5;Литой;66,5 мм.;41999;Vossen;https://static.baza.farpost.ru/drom/1493273173001_bulletin;https://static.baza.farpost.ru/drom/1493273173001_default;Replika777
https://baza.drom.ru/chita/wheel/disc/new-dip-shogun-a1-65606940.html;21999;New! Дип. Shogun A1;Дип. Shogun A1;"9.5x17"", 5x114.30, ET18, ЦО 73,1мм.";"17""";"9.5""";18мм;114.30x5;Литой;73,1 мм.;26999;Shogun;https://static.baza.farpost.ru/drom/1534993027737_bulletin;https://static.baza.farpost.ru/drom/1534993027737_default;Replika777
https://baza.drom.ru/chita/wheel/disc/dip-shogun-a1-65677230.html;26999;Дип. Shogun A1;Дип. Shogun A1;"9.5/10.5x18"", 5x114.30, ET20/15, ЦО 73,1мм.";"18""";"9.5/10.5""";20/15мм;114.30x5;Литой;73,1 мм.;31999;Shogun;https://static.baza.farpost.ru/drom/1525942902860_bulletin;https://static.baza.farpost.ru/drom/1525942902860_default;Replika777
https://baza.drom.ru/chita/wheel/disc/komplekt-diskov-rays-te37-53068333.html;21999;Комплект дисков Rays te37;Rays te37;"9.0x17"", 5x100.00, ET30, ЦО 73,1мм.";"17""";"9.0""";30мм;100.00x5;Литой;73,1 мм.;26999;RAYS;https://static.baza.farpost.ru/drom/1528974150372_bulletin;https://static.baza.farpost.ru/drom/1528974150372_default;Replika777
https://baza.drom.ru/chita/wheel/disc/komplekt-diskov-rays-te37-53108353.html;21999;Комплект дисков Rays te37;Rays te37;"9.0x17"", 5x114.30, ET30, ЦО 73,1мм.";"17""";"9.0""";30мм;114.30x5;Литой;73,1 мм.;26999;RAYS;https://static.baza.farpost.ru/drom/1528972352095_bulletin;https://static.baza.farpost.ru/drom/1528972352095_default;Replika777
https://baza.drom.ru/chita/wheel/disc/komplekt-diskov-work-emotion-t7r-54018532.html;17999;Комплект дисков Work Emotion T7R;Work Emotion T7R;"7.0x16"", 4x98.00, 4x100.00, ET35, ЦО 73,1мм.";"16""";"7.0""";35мм;98.00x4,100.00x4;Литой;73,1 мм.;22999;Work;https://static.baza.farpost.ru/drom/1494157189781_bulletin;https://static.baza.farpost.ru/drom/1494157189781_default;Replika777
https://baza.drom.ru/chita/wheel/disc/new-shogun-a1-54870245.html;26999;New! Shogun A1.;Shogun A1.;"9.5x18"", 5x114.30, ET20, ЦО 73,1мм.";"18""";"9.5""";20мм;114.30x5;Литой;73,1 мм.;31999;RAYS;https://static.baza.farpost.ru/drom/1511110879072_bulletin;https://static.baza.farpost.ru/drom/1511110879072_default;Replika777
https://baza.drom.ru/chita/wheel/disc/komplekt-diskov-weld-61486048.html;25999;Комплект дисков Weld;Weld;"9.5x18"", 5x114.30, ET25, ЦО 73,1мм.";"18""";"9.5""";25мм;114.30x5;Литой;73,1 мм.;30999;Weld;https://static.baza.farpost.ru/drom/1506740120850_bulletin;https://static.baza.farpost.ru/drom/1506740120850_default;Replika777
https://baza.drom.ru/chita/wheel/disc/komplekt-diskov-weds-47149014.html;25999;Комплект дисков Weds;Weds;"9.5/10.5x18"", 5x114.30, ET20/25, ЦО 73,1мм.";"18""";"9.5/10.5""";20/25мм;114.30x5;Литой;73,1 мм.;30999;Weds Sport;https://static.baza.farpost.ru/drom/1486715809632_bulletin;https://static.baza.farpost.ru/drom/1486715809632_default;Replika777
https://baza.drom.ru/chita/wheel/disc/komplekt-diskov-rays-te37-sl-51647881.html;17500;Комплект дисков Rays te37 SL;Rays te37 SL;"7.0x16"", 4x100.00, 4x114.30, ET40, ЦО 73,1мм.";"16""";"7.0""";40мм;100.00x4,114.30x4;Литой;73,1 мм.;22500;RAYS;https://static.baza.farpost.ru/drom/1491193209623_bulletin;https://static.baza.farpost.ru/drom/1491193209623_default;Replika777
https://baza.drom.ru/chita/wheel/disc/komplekt-diskov-toyota-tlc200-51712022.html;30999;Комплект дисков Toyota TLC200;Toyota TLC200;"8.5x20"", 5x150.00, ET60, ЦО 110,0мм.";"20""";"8.5""";60мм;150.00x5;Литой;110,0 мм.;40999;Lexus;https://static.baza.farpost.ru/drom/1487038497520_bulletin;https://static.baza.farpost.ru/drom/1487038497520_default;Replika777
https://baza.drom.ru/chita/wheel/disc/new-work-emotion-cr-kiwami-53040035.html;21999;New! Work Emotion Cr-Kiwami;Work Emotion Cr-Kiwami;"8.0x17"", 5x100.00, 5x114.30, ET35, ЦО 73,1мм.";"17""";"8.0""";35мм;100.00x5,114.30x5;Литой;73,1 мм.;26999;Work;https://static.baza.farpost.ru/drom/1525690636645_bulletin;https://static.baza.farpost.ru/drom/1525690636645_default;Replika777
https://baza.drom.ru/chita/wheel/disc/new-work-emotion-cr-kiwami-53040511.html;21999;New! Work Emotion Cr-Kiwami;Work Emotion Cr-Kiwami;"9.0x17"", 5x100.00, 5x114.30, ET28, ЦО 73,1мм.";"17""";"9.0""";28мм;100.00x5,114.30x5;Литой;73,1 мм.;26999;Work;https://static.baza.farpost.ru/drom/1526001371713_bulletin;https://static.baza.farpost.ru/drom/1526001371713_default;Replika777
https://baza.drom.ru/chita/wheel/disc/komplekt-diskov-work-emotion-t7r-54018512.html;17999;Комплект дисков Work Emotion T7R;Work Emotion T7R;"7.0x16"", 4x98.00, 4x100.00, ET35, ЦО 73,1мм.";"16""";"7.0""";35мм;98.00x4,100.00x4;Литой;73,1 мм.;22999;Work;https://static.baza.farpost.ru/drom/1494157147155_bulletin;https://static.baza.farpost.ru/drom/1494157147155_default;Replika777
https://baza.drom.ru/chita/wheel/disc/new-work-emotion-cr-kiwami-54019773.html;26999;New! Work Emotion Cr-Kiwami;Work Emotion Cr-Kiwami;"9.5x18"", 5x100.00, 5x114.30, ET30, ЦО 73,1мм.";"18""";"9.5""";30мм;100.00x5,114.30x5;Литой;73,1 мм.;31999;Work;https://static.baza.farpost.ru/drom/1524749329358_bulletin;https://static.baza.farpost.ru/drom/1524749329358_default;Replika777
https://baza.drom.ru/chita/wheel/disc/komplekt-diskov-prodrive-55388391.html;21999;Комплект дисков Prodrive;Prodrive;"9.0x17"", 5x100.00, ET30, ЦО 73,1мм.";"17""";"9.0""";30мм;100.00x5;Литой;73,1 мм.;26999;ProDrive;https://static.baza.farpost.ru/drom/1506091116512_bulletin;https://static.baza.farpost.ru/drom/1506091116512_default;Replika777
https://baza.drom.ru/chita/wheel/disc/new-work-emotion-cr-kiwami-56175870.html;21999;New! Work Emotion Cr-Kiwami;Work Emotion Cr-Kiwami;"8.0x17"", 5x100.00, 5x114.30, ET35, ЦО 73,1мм.";"17""";"8.0""";35мм;100.00x5,114.30x5;Литой;73,1 мм.;26999;Work;https://static.baza.farpost.ru/drom/1535090656686_bulletin;https://static.baza.farpost.ru/drom/1535090656686_default;Replika777
https://baza.drom.ru/chita/wheel/disc/komplekt-diskov-weds-59798165.html;26999;Комплект дисков Weds;Weds;"9.5x18"", 5x114.30, ET20, ЦО 73,1мм.";"18""";"9.5""";20мм;114.30x5;Литой;73,1 мм.;31999;Weds;https://static.baza.farpost.ru/drom/1485465271348_bulletin;https://static.baza.farpost.ru/drom/1485465271348_default;Replika777
https://baza.drom.ru/chita/wheel/disc/komplekt-diskov-vossen-cv3-61430471.html;17500;Комплект дисков Vossen CV3;Vossen CV3;"7.0x16"", 5x114.30, ET40, ЦО 73,1мм.";"16""";"7.0""";40мм;114.30x5;Литой;73,1 мм.;22500;Vossen;https://static.baza.farpost.ru/drom/1492399623370_bulletin;https://static.baza.farpost.ru/drom/1492399623370_default;Replika777
https://baza.drom.ru/chita/wheel/disc/komplekt-diskov-work-53210660.html;24999;Комплект дисков Work;Work;"8.5/9.5x18"", 5x100.00, 5x114.30, ET30/20, ЦО 73,1мм.";"18""";"8.5/9.5""";30/20мм;100.00x5,114.30x5;Литой;73,1 мм.;29999;Work;https://static.baza.farpost.ru/drom/1491633952006_bulletin;https://static.baza.farpost.ru/drom/1491633952006_default;Replika777
https://baza.drom.ru/chita/wheel/disc/komplekt-diskov-vossen-cv3-53910057.html;26999;Комплект дисков Vossen CV3;Vossen CV3;"8.0x18"", 5x114.30, ET40, ЦО 73,1мм.";"18""";"8.0""";40мм;114.30x5;Литой;73,1 мм.;31999;Vossen;https://static.baza.farpost.ru/drom/1493794497003_bulletin;https://static.baza.farpost.ru/drom/1493794497003_default;Replika777
https://baza.drom.ru/chita/wheel/disc/komplekt-diskov-work-cr-kai-56242459.html;32999;Комплект дисков Work Cr-Kai;Work Cr-Kai;"8.5x19"", 5x114.30, ET35, ЦО 73,1мм.";"19""";"8.5""";35мм;114.30x5;Литой;73,1 мм.;42999;Work;https://static.baza.farpost.ru/drom/1524387243477_bulletin;https://static.baza.farpost.ru/drom/1524387243477_default;Replika777
https://baza.drom.ru/chita/wheel/disc/komplekt-diskov-xxr-527-64213882.html;25999;Комплект дисков XXR 527;XXR 527;"9.5x18"", 5x112.00, 5x114.30, ET30, ЦО 73,1мм.";"18""";"9.5""";30мм;112.00x5,114.30x5;Литой;73,1 мм.;30999;XXR;https://static.baza.farpost.ru/drom/1528972790151_bulletin;https://static.baza.farpost.ru/drom/1528972790151_default;Replika777
https://baza.drom.ru/chita/wheel/disc/new-dip-shogun-a1-65896974.html;21999;New! Дип. Shogun A1;Дип. Shogun A1;"9.5x17"", 5x114.30, ET18, ЦО 73,1мм.";"17""";"9.5""";18мм;114.30x5;Литой;73,1 мм.;26999;Shogun;https://static.baza.farpost.ru/drom/1534993649332_bulletin;https://static.baza.farpost.ru/drom/1534993649332_default;Replika777
https://baza.drom.ru/chita/wheel/disc/new-komplekt-diskov-xxr-527-65897148.html;26999;New! Комплект дисков XXR 527;XXR 527;"8.5/9.5x18"", 5x100.00, 5x114.30, ET35/30, ЦО 73,1мм.";"18""";"8.5/9.5""";35/30мм;100.00x5,114.30x5;Литой;73,1 мм.;31999;XXR;https://static.baza.farpost.ru/drom/1531407157467_bulletin;https://static.baza.farpost.ru/drom/1531407157467_default;Replika777
https://baza.drom.ru/chita/wheel/disc/new-shogun-a1-65904856.html;21999;New! Shogun A1;Shogun A1;"8.5x17"", 5x114.30, ET20, ЦО 73,1мм.";"17""";"8.5""";20мм;114.30x5;Литой;73,1 мм.;26999;Shogun;https://static.baza.farpost.ru/drom/1535008832525_bulletin;https://static.baza.farpost.ru/drom/1535008832525_default;Replika777
https://baza.drom.ru/chita/wheel/disc/new-shogun-a1-65905532.html;21999;New! Shogun A1;Shogun A1;"8.5/9.5x17"", 5x114.30, ET20/12, ЦО 73,1мм.";"17""";"8.5/9.5""";20/12мм;114.30x5;Литой;73,1 мм.;26999;Shogun;https://static.baza.farpost.ru/drom/1535009084982_bulletin;https://static.baza.farpost.ru/drom/1535009084982_default;Replika777
https://baza.drom.ru/chita/wheel/disc/new-rays-ce28-65927594.html;26999;New! Rays CE28;Rays CE28;"9.5/10.5x18"", 5x100.00, 5x114.30, ET22/35, ЦО 73,1мм.";"18""";"9.5/10.5""";22/35мм;100.00x5,114.30x5;Литой;73,1 мм.;31999;RAYS;https://static.baza.farpost.ru/drom/1535086896771_bulletin;https://static.baza.farpost.ru/drom/1535086896771_default;Replika777
https://baza.drom.ru/chita/wheel/disc/new-rays-ce28-65927605.html;26999;New! Rays CE28;Rays CE28;"10.5x18"", 5x100.00, 5x114.30, ET35, ЦО 73,1мм.";"18""";"10.5""";35мм;100.00x5,114.30x5;Литой;73,1 мм.;31999;RAYS;https://static.baza.farpost.ru/drom/1535086896771_bulletin;https://static.baza.farpost.ru/drom/1535086896771_default;Replika777
https://baza.drom.ru/chita/wheel/disc/new-rays-te37-65927734.html;17999;New! Rays te37;Rays te37;"7.0x16"", 4x98.00, 4x100.00, ET31, ЦО 73,1мм.";"16""";"7.0""";31мм;98.00x4,100.00x4;Литой;73,1 мм.;22999;RAYS;https://static.baza.farpost.ru/drom/1535087370839_bulletin;https://static.baza.farpost.ru/drom/1535087370839_default;Replika777
https://baza.drom.ru/chita/wheel/disc/new-komplekt-diskov-vossen-49604686.html;21999;New! Комплект дисков Vossen;Vossen;"7.5x17"", 5x114.30, ET40, ЦО 73,1мм.";"17""";"7.5""";40мм;114.30x5;Литой;73,1 мм.;26999;Vossen;https://static.baza.farpost.ru/drom/1536141194407_bulletin;https://static.baza.farpost.ru/drom/1536141194407_default;Replika777
https://baza.drom.ru/chita/wheel/disc/komplekt-diskov-vossen-cv3-49729351.html;26999;Комплект дисков Vossen CV3;Vossen CV3;"8.5x18"", 5x114.30, ET33, ЦО 73,1мм.";"18""";"8.5""";33мм;114.30x5;Литой;73,1 мм.;31999;Vossen;https://static.baza.farpost.ru/drom/1480515983886_bulletin;https://static.baza.farpost.ru/drom/1480515983886_default;Replika777
https://baza.drom.ru/chita/wheel/disc/komplekt-diskov-rays-te37-54210404.html;21999;Комплект дисков Rays te37;Rays te37;"9.0x17"", 5x100.00, ET30, ЦО 73,1мм.";"17""";"9.0""";30мм;100.00x5;Литой;73,1 мм.;26999;RAYS;https://static.baza.farpost.ru/drom/1470810378487_bulletin;https://static.baza.farpost.ru/drom/1470810378487_default;Replika777
https://baza.drom.ru/chita/wheel/disc/komplekt-diskov-rays-te37-62907208.html;21999;Комплект дисков Rays te37;Rays te37;"9.0x17"", 5x100.00, ET25, ЦО 73,1мм.";"17""";"9.0""";25мм;100.00x5;Литой;73,1 мм.;26999;RAYS;https://static.baza.farpost.ru/drom/1517821879538_bulletin;https://static.baza.farpost.ru/drom/1517821879538_default;Replika777
https://baza.drom.ru/chita/wheel/disc/komplekt-diskov-rays-te37-62907247.html;21999;Комплект дисков Rays te37;Rays te37;"9.0x17"", 5x114.30, ET25, ЦО 73,1мм.";"17""";"9.0""";25мм;114.30x5;Литой;73,1 мм.;26999;RAYS;https://static.baza.farpost.ru/drom/1517821879538_bulletin;https://static.baza.farpost.ru/drom/1517821879538_default;Replika777
https://baza.drom.ru/chita/wheel/disc/new-dip-shogun-a1-65897051.html;21999;New! Дип. Shogun A1;Дип. Shogun A1;"9.5x17"", 5x100.00, ET18, ЦО 73,1мм.";"17""";"9.5""";18мм;100.00x5;Литой;73,1 мм.;26999;Shogun;https://static.baza.farpost.ru/drom/1534993649331_bulletin;https://static.baza.farpost.ru/drom/1534993649331_default;Replika777
https://baza.drom.ru/chita/wheel/disc/new-shogun-a1-65905907.html;21999;New! Shogun A1;Shogun A1;"8.5x17"", 5x114.30, ET20, ЦО 73,1мм.";"17""";"8.5""";20мм;114.30x5;Литой;73,1 мм.;26999;Shogun;https://static.baza.farpost.ru/drom/1535009759087_bulletin;https://static.baza.farpost.ru/drom/1535009759087_default;Replika777
https://baza.drom.ru/chita/wheel/disc/new-dip-shogun-a1-hiper-black-65906671.html;21999;New! Дип. Shogun A1 (Hiper black);Дип. Shogun A1 (Hiper black);"8.5/9.5x17"", 5x114.30, ET22/18, ЦО 73,1мм.";"17""";"8.5/9.5""";22/18мм;114.30x5;Литой;73,1 мм.;26999;Shogun;https://static.baza.farpost.ru/drom/1535010900525_bulletin;https://static.baza.farpost.ru/drom/1535010900525_default;Replika777
https://baza.drom.ru/chita/wheel/disc/new-dip-shogun-a1-hiper-black-65906779.html;21999;New! Дип. Shogun A1 (Hiper black);Дип. Shogun A1 (Hiper black);"9.5x17"", 5x114.30, ET18, ЦО 73,1мм.";"17""";"9.5""";18мм;114.30x5;Литой;73,1 мм.;26999;Shogun;https://static.baza.farpost.ru/drom/1535011246997_bulletin;https://static.baza.farpost.ru/drom/1535011246997_default;Replika777
https://baza.drom.ru/chita/wheel/disc/new-dip-xxr-527-65927200.html;15999;New! Дип XXR 527;Дип XXR 527;"8.25x15"", 4x100.00, 4x114.30, ET0, ЦО 73,1мм.";"15""";"8.25""";0мм;100.00x4,114.30x4;Литой;73,1 мм.;20999;XXR;https://static.baza.farpost.ru/drom/1535086218749_bulletin;https://static.baza.farpost.ru/drom/1535086218749_default;Replika777
https://baza.drom.ru/chita/wheel/disc/new-komplekt-diskov-weds-66229493.html;21999;NEW! Комплект дисков Weds;Weds;"8.0x17"", 5x114.30, ET35, ЦО 73,1мм.";"17""";"8.0""";35мм;114.30x5;Литой;73,1 мм.;26999;Weds;https://static.baza.farpost.ru/drom/1524781872698_bulletin;https://static.baza.farpost.ru/drom/1524781872698_default;Replika777
https://baza.drom.ru/chita/wheel/disc/new-komplekt-weds-sport-55818185.html;26999;New! Комплект Weds sport;Weds sport;"8.5x18"", 5x114.30, ET35, ЦО 73,1мм.";"18""";"8.5""";35мм;114.30x5;Литой;73,1 мм.;31999;Weds;https://static.baza.farpost.ru/drom/1500434260655_bulletin;https://static.baza.farpost.ru/drom/1500434260655_default;Replika777
https://baza.drom.ru/chita/wheel/disc/new-shogun-a1-62259464.html;27999;New! Shogun A1;Shogun A1;"9.5/10.5x18"", 5x114.30, ET20/15, ЦО 73,1мм.";"18""";"9.5/10.5""";20/15мм;114.30x5;Литой;73,1 мм.;32999;RAYS;https://static.baza.farpost.ru/drom/1511110879072_bulletin;https://static.baza.farpost.ru/drom/1511110879072_default;Replika777
https://baza.drom.ru/chita/wheel/disc/new-komplekt-diskov-weds-62333402.html;21999;NEW! Комплект дисков Weds;Weds;"8.0x17"", 4x100.00, 4x114.30, ET35, ЦО 73,1мм.";"17""";"8.0""";35мм;100.00x4,114.30x4;Литой;73,1 мм.;26999;Weds;https://static.baza.farpost.ru/drom/1525657619381_bulletin;https://static.baza.farpost.ru/drom/1525657619381_default;Replika777
https://baza.drom.ru/chita/wheel/disc/dip-bronza-shogun-a1-63246209.html;26999;Дип. Бронза. Shogun A1;Дип. Бронза. Shogun A1;"9.5x18"", 5x114.30, ET20, ЦО 73,1мм.";"18""";"9.5""";20мм;114.30x5;Литой;73,1 мм.;31999;Shogun;https://static.baza.farpost.ru/drom/1525778923164_bulletin;https://static.baza.farpost.ru/drom/1525778923164_default;Replika777
https://baza.drom.ru/chita/wheel/disc/new-work-equip-03-64427956.html;18500;NEW! Work Equip 03;Work Equip 03;"7.5/8.5x16"", 4x100.00, ET18/15, ЦО 73,1мм.";"16""";"7.5/8.5""";18/15мм;100.00x4;Литой;73,1 мм.;23500;Work;https://static.baza.farpost.ru/drom/1531273874111_bulletin;https://static.baza.farpost.ru/drom/1531273874111_default;Replika777
https://baza.drom.ru/chita/wheel/disc/new-dip-xxr-527-65229514.html;15999;New! Дип XXR 527;Дип XXR 527;"8.25x15"", 4x100.00, 4x114.30, ET0, ЦО 73,1мм.";"15""";"8.25""";0мм;100.00x4,114.30x4;Литой;73,1 мм.;20999;XXR;https://static.baza.farpost.ru/drom/1535086013622_bulletin;https://static.baza.farpost.ru/drom/1535086013622_default;Replika777
https://baza.drom.ru/chita/wheel/disc/new-dip-shogun-a1-65897098.html;21999;New! Дип. Shogun A1;Дип. Shogun A1;"8.5x17"", 5x100.00, ET22, ЦО 73,1мм.";"17""";"8.5""";22мм;100.00x5;Литой;73,1 мм.;26999;Shogun;https://static.baza.farpost.ru/drom/1534993246505_bulletin;https://static.baza.farpost.ru/drom/1534993246505_default;Replika777
https://baza.drom.ru/chita/wheel/disc/new-dip-shogun-a1-65897235.html;21999;New! Дип. Shogun A1;Дип. Shogun A1;"8.5x17"", 5x100.00, ET22, ЦО 73,1мм.";"17""";"8.5""";22мм;100.00x5;Литой;73,1 мм.;26999;Shogun;https://static.baza.farpost.ru/drom/1534994295307_bulletin;https://static.baza.farpost.ru/drom/1534994295307_default;Replika777
https://baza.drom.ru/chita/wheel/disc/new-rays-ce28-65927466.html;26999;New! Rays CE28;Rays CE28;"9.5x18"", 5x100.00, 5x114.30, ET22, ЦО 73,1мм.";"18""";"9.5""";22мм;100.00x5,114.30x5;Литой;73,1 мм.;31999;RAYS;https://static.baza.farpost.ru/drom/1535086896784_bulletin;https://static.baza.farpost.ru/drom/1535086896784_default;Replika777
https://baza.drom.ru/chita/wheel/disc/new-prodrive-gc-05f-66097566.html;21999;New! Prodrive GC-05F;Prodrive GC-05F;"9.0x17"", 5x114.30, ET30, ЦО 73,1мм.";"17""";"9.0""";30мм;114.30x5;Литой;73,1 мм.;26999;ProDrive;https://static.baza.farpost.ru/drom/1501145318949_bulletin;https://static.baza.farpost.ru/drom/1501145318949_default;Replika777
